date,ACDGNO,AWHMAN,DGS10,DGS1MO,DGS3MO,DGS5,DGS6MO,IC4WSA,M2SL,NASDAQ100,PCUADLVWRADLVWR,PERMIT,RETAILIMSA,SP500,T10YFF,UMCSENT,market_caps,prices,total_volumes
2021-02-01,40073.0,41.5,1.09,0.06,0.07,0.42,0.08,834000.0,19615.2,13248.9,169.8,1743.0,624830.0,3773.86,1.01,76.8,615013848827.3505,33064.78676701507,42488649643.23183
2021-02-02,40073.0,41.5,1.12,0.04,0.07,0.45,0.08,834000.0,19615.2,13456.12,169.8,1743.0,624830.0,3826.31,1.04,76.8,621908231690.1377,33405.99035714327,49268860242.66622
2021-02-03,40073.0,41.5,1.15,0.03,0.04,0.46,0.06,834000.0,19615.2,13402.37,169.8,1743.0,624830.0,3830.17,1.07,76.8,660664104637.4851,35485.98593382442,50730704376.60918
2021-02-04,40073.0,41.5,1.15,0.03,0.04,0.46,0.06,834000.0,19615.2,13560.89,169.8,1743.0,624830.0,3871.74,1.07,76.8,695794870715.5251,37494.71762460426,49762137494.206696
2021-02-05,40073.0,41.5,1.19,0.02,0.03,0.47,0.05,834000.0,19615.2,13603.96,169.8,1743.0,624830.0,3886.83,1.11,76.8,686453802173.3838,36816.50808203406,54494811707.23047
2021-02-08,40073.0,41.5,1.19,0.04,0.05,0.48,0.05,814500.0,19615.2,13695.02,169.8,1743.0,624830.0,3915.59,1.12,76.8,723434796637.7434,38833.34026455532,53802559038.8092
2021-02-09,40073.0,41.5,1.18,0.04,0.04,0.48,0.06,814500.0,19615.2,13687.08,169.8,1743.0,624830.0,3911.23,1.1,76.8,862413737410.9171,46307.57412159395,86994225365.2278
2021-02-10,40073.0,41.5,1.15,0.05,0.05,0.46,0.06,814500.0,19615.2,13655.27,169.8,1743.0,624830.0,3909.88,1.07,76.8,867164581003.3563,46569.56483,78828431117.05534
2021-02-11,40073.0,41.5,1.16,0.05,0.05,0.46,0.06,814500.0,19615.2,13734.35,169.8,1743.0,624830.0,3916.38,1.08,76.8,839561451461.0575,44848.69344950499,70000356395.81508
2021-02-12,40073.0,41.5,1.2,0.03,0.04,0.5,0.05,814500.0,19615.2,13807.7,169.8,1743.0,624830.0,3934.83,1.12,76.8,890629045243.5952,47815.96175554316,66187179918.887886
2021-02-16,40073.0,41.5,1.3,0.03,0.04,0.57,0.06,804000.0,19615.2,13773.77,169.8,1743.0,624830.0,3932.59,1.22,76.8,892345220938.2782,47898.487027633135,61061855793.76279
2021-02-17,40073.0,41.5,1.29,0.03,0.04,0.57,0.06,804000.0,19615.2,13699.71,169.8,1743.0,624830.0,3931.33,1.21,76.8,917339726314.6964,49238.13690672487,64141133353.975624
2021-02-18,40073.0,41.5,1.29,0.03,0.03,0.56,0.04,804000.0,19615.2,13637.51,169.8,1743.0,624830.0,3913.97,1.22,76.8,971516568847.578,52143.6788446198,68478739131.4286
2021-02-19,40073.0,41.5,1.34,0.03,0.04,0.59,0.06,804000.0,19615.2,13580.78,169.8,1743.0,624830.0,3906.71,1.27,76.8,963911356673.4604,51733.075539032034,58486508605.55778
2021-02-22,40073.0,41.5,1.37,0.03,0.03,0.61,0.04,779750.0,19615.2,13223.74,169.8,1743.0,624830.0,3876.5,1.3,76.8,1075380337357.9143,57669.3035269179,61223272210.96276
2021-02-23,40073.0,41.5,1.37,0.03,0.04,0.59,0.05,779750.0,19615.2,13194.71,169.8,1743.0,624830.0,3881.37,1.3,76.8,1012091985973.4642,54410.85629451601,101532021847.06647
2021-02-24,40073.0,41.5,1.38,0.03,0.03,0.62,0.05,779750.0,19615.2,13302.19,169.8,1743.0,624830.0,3925.43,1.31,76.8,904133801444.5278,48691.894831704405,116689607925.81473
2021-02-25,40073.0,41.5,1.54,0.04,0.04,0.81,0.06,779750.0,19615.2,12828.31,169.8,1743.0,624830.0,3829.34,1.47,76.8,929081504353.552,49849.378713583144,73140585468.96529
2021-02-26,40073.0,41.5,1.44,0.04,0.04,0.75,0.05,779750.0,19615.2,12909.44,169.8,1743.0,624830.0,3811.15,1.37,76.8,875883932252.4404,46992.665450048495,60355381275.54549
2021-03-01,40627.0,41.7,1.45,0.03,0.05,0.71,0.07,755000.0,19853.8,13282.95,170.6,1773.0,616202.0,3901.82,1.38,84.9,838307614585.1935,44970.163459946736,59679588927.08056
2021-03-02,40627.0,41.7,1.42,0.04,0.04,0.67,0.06,755000.0,19853.8,13059.95,170.6,1773.0,616202.0,3870.29,1.35,84.9,928146793676.4287,49787.33995949672,63218569171.598305
2021-03-03,40627.0,41.7,1.47,0.04,0.05,0.73,0.07,755000.0,19853.8,12683.33,170.6,1773.0,616202.0,3819.72,1.4,84.9,905413239164.9064,48532.23678981703,53499537416.816475
2021-03-04,40627.0,41.7,1.54,0.03,0.04,0.77,0.07,755000.0,19853.8,12464.0,170.6,1773.0,616202.0,3768.47,1.47,84.9,942969910364.1804,50577.45746915202,59212268141.16633
2021-03-05,40627.0,41.7,1.56,0.04,0.04,0.79,0.07,755000.0,19853.8,12668.51,170.6,1773.0,616202.0,3841.94,1.49,84.9,908517236707.5374,48727.45120080115,60749587836.169136
2021-03-08,40627.0,41.7,1.59,0.04,0.05,0.86,0.06,725250.0,19853.8,12299.08,170.6,1773.0,616202.0,3821.35,1.52,84.9,955040794770.1399,51313.09262027362,46146324828.48082
2021-03-09,40627.0,41.7,1.55,0.04,0.05,0.83,0.07,725250.0,19853.8,12794.49,170.6,1773.0,616202.0,3875.44,1.48,84.9,974195000547.444,52328.5359126325,53568946625.62234
2021-03-10,40627.0,41.7,1.53,0.03,0.04,0.8,0.06,725250.0,19853.8,12752.07,170.6,1773.0,616202.0,3898.81,1.46,84.9,1018978819157.4177,54700.273439277444,57418251743.06042
2021-03-11,40627.0,41.7,1.54,0.04,0.04,0.78,0.05,725250.0,19853.8,13052.9,170.6,1773.0,616202.0,3939.34,1.47,84.9,1044805904677.5541,56020.4877195857,63560545036.79726
2021-03-12,40627.0,41.7,1.64,0.03,0.04,0.85,0.06,725250.0,19853.8,12937.29,170.6,1773.0,616202.0,3943.34,1.57,84.9,1077836070933.286,57788.86810329514,64605228617.76096
2021-03-15,40627.0,41.7,1.62,0.02,0.04,0.84,0.06,699500.0,19853.8,13082.54,170.6,1773.0,616202.0,3968.94,1.55,84.9,1111684638819.0723,59428.967566027764,48104078384.27405
2021-03-16,40627.0,41.7,1.62,0.01,0.02,0.83,0.06,699500.0,19853.8,13152.28,170.6,1773.0,616202.0,3962.71,1.55,84.9,1049197142851.5631,55805.32924923426,70594488699.70683
2021-03-17,40627.0,41.7,1.63,0.01,0.02,0.8,0.05,699500.0,19853.8,13202.38,170.6,1773.0,616202.0,3974.12,1.56,84.9,1060221966894.7418,56830.253335076224,63219904254.35453
2021-03-18,40627.0,41.7,1.71,0.01,0.01,0.86,0.03,699500.0,19853.8,12789.14,170.6,1773.0,616202.0,3915.46,1.64,84.9,1101028543248.462,59014.92563205099,63368268626.27834
2021-03-19,40627.0,41.7,1.74,0.01,0.01,0.9,0.03,699500.0,19853.8,12866.99,170.6,1773.0,616202.0,3913.1,1.67,84.9,1081065767945.8683,57922.40959262911,58387006275.72827
2021-03-22,40627.0,41.7,1.69,0.02,0.03,0.87,0.05,680750.0,19853.8,13086.51,170.6,1773.0,616202.0,3940.59,1.62,84.9,1074356788297.177,57573.539344778685,55664123837.602554
2021-03-23,40627.0,41.7,1.63,0.02,0.01,0.83,0.04,680750.0,19853.8,13017.79,170.6,1773.0,616202.0,3910.52,1.56,84.9,1020641820438.662,54370.137557895185,62001716794.84347
2021-03-24,40627.0,41.7,1.62,0.02,0.02,0.83,0.04,680750.0,19853.8,12798.88,170.6,1773.0,616202.0,3889.14,1.55,84.9,1017637245492.0177,54584.86994699455,60383378707.04851
2021-03-25,40627.0,41.7,1.63,0.02,0.02,0.82,0.04,680750.0,19853.8,12780.51,170.6,1773.0,616202.0,3909.52,1.56,84.9,982797427007.2565,52526.86659704657,73029051195.05199
2021-03-26,40627.0,41.7,1.67,0.02,0.02,0.85,0.04,680750.0,19853.8,12979.12,170.6,1773.0,616202.0,3974.54,1.6,84.9,959155260366.7408,51416.908304980054,63401640502.561295
2021-03-29,40627.0,41.7,1.73,0.02,0.03,0.89,0.04,669250.0,19853.8,12965.74,170.6,1773.0,616202.0,3971.09,1.66,84.9,1039333584621.1438,55728.10132780653,49315845081.42435
2021-03-30,40627.0,41.7,1.73,0.01,0.02,0.9,0.04,669250.0,19853.8,12896.53,170.6,1773.0,616202.0,3958.55,1.66,84.9,1075942162536.995,57634.92869447539,57387039705.47129
2021-03-31,40627.0,41.7,1.74,0.01,0.03,0.92,0.05,669250.0,19853.8,13091.44,170.6,1773.0,616202.0,3972.89,1.68,84.9,1095293012032.8433,58668.628336761,52387542500.621956
2021-04-01,36863.0,41.6,1.69,0.02,0.02,0.9,0.04,669250.0,20110.7,13329.51,171.0,1765.0,605695.0,4019.87,1.62,88.3,1098127310946.8978,58817.3738884188,57495844477.9185
2021-04-05,36863.0,41.6,1.73,0.03,0.03,0.94,0.04,657250.0,20110.7,13598.16,171.0,1765.0,605695.0,4077.91,1.66,88.3,1087344280109.6896,58228.802623466196,46156767978.177345
2021-04-06,36863.0,41.6,1.67,0.02,0.02,0.88,0.04,657250.0,20110.7,13578.46,171.0,1765.0,605695.0,4073.94,1.6,88.3,1096202611389.9541,58706.81559311396,54670173277.08731
2021-04-07,36863.0,41.6,1.68,0.01,0.02,0.87,0.04,657250.0,20110.7,13616.7,171.0,1765.0,605695.0,4079.95,1.61,88.3,1084341670320.8142,58062.17872433649,61497704158.13829
2021-04-08,36863.0,41.6,1.64,0.02,0.01,0.85,0.04,657250.0,20110.7,13758.5,171.0,1765.0,605695.0,4097.17,1.57,88.3,1050759681844.6099,56134.41738866435,67617613532.43307
2021-04-09,36863.0,41.6,1.67,0.02,0.02,0.87,0.03,657250.0,20110.7,13845.05,171.0,1765.0,605695.0,4128.8,1.6,88.3,1083362883828.1199,58065.644024815316,48714359354.07226
2021-04-12,36863.0,41.6,1.69,0.02,0.02,0.89,0.04,625250.0,20110.7,13819.35,171.0,1765.0,605695.0,4127.99,1.62,88.3,1120606689450.4702,59988.02095852983,46792500386.96501
2021-04-13,36863.0,41.6,1.64,0.03,0.03,0.85,0.05,625250.0,20110.7,13986.49,171.0,1765.0,605695.0,4141.59,1.57,88.3,1118532902101.5269,59911.020594847316,55994558888.5224
2021-04-14,36863.0,41.6,1.64,0.02,0.02,0.87,0.04,625250.0,20110.7,13803.91,171.0,1765.0,605695.0,4124.66,1.57,88.3,1187737045885.1743,63576.676041048275,71993120011.18321
2021-04-15,36863.0,41.6,1.56,0.02,0.02,0.81,0.04,625250.0,20110.7,14026.19,171.0,1765.0,605695.0,4170.42,1.49,88.3,1173412921929.8884,62807.12323259299,80157135507.58896
2021-04-16,36863.0,41.6,1.59,0.02,0.02,0.84,0.04,625250.0,20110.7,14041.91,171.0,1765.0,605695.0,4185.47,1.52,88.3,1179561609816.9358,63179.772446084695,60495376851.28074
2021-04-19,36863.0,41.6,1.61,0.01,0.02,0.85,0.04,610000.0,20110.7,13907.67,171.0,1765.0,605695.0,4163.26,1.54,88.3,1053618163309.5769,56288.94534001195,102065957642.22952
2021-04-20,36863.0,41.6,1.58,0.01,0.03,0.81,0.04,610000.0,20110.7,13809.3,171.0,1765.0,605695.0,4134.94,1.51,88.3,1043148020633.034,55721.166052695626,66156275209.79711
2021-04-21,36863.0,41.6,1.57,0.0,0.03,0.81,0.04,610000.0,20110.7,13935.15,171.0,1765.0,605695.0,4173.42,1.5,88.3,1055145534127.332,56294.728558586925,68166802215.759544
2021-04-22,36863.0,41.6,1.57,0.02,0.03,0.81,0.04,610000.0,20110.7,13762.36,171.0,1765.0,605695.0,4134.98,1.5,88.3,1012699264345.6595,54190.07026283405,56115370322.140594
2021-04-23,36863.0,41.6,1.58,0.01,0.03,0.83,0.03,610000.0,20110.7,13941.44,171.0,1765.0,605695.0,4180.17,1.51,88.3,971174701492.849,51965.5664304852,77897442831.71704
2021-04-26,36863.0,41.6,1.58,0.02,0.03,0.85,0.04,589000.0,20110.7,14026.16,171.0,1765.0,605695.0,4187.62,1.51,88.3,915533819859.1393,48981.4413932161,46233432154.225266
2021-04-27,36863.0,41.6,1.63,0.01,0.01,0.88,0.04,589000.0,20110.7,13960.28,171.0,1765.0,605695.0,4186.72,1.56,88.3,1008389773189.793,53978.80554728962,60226926859.91649
2021-04-28,36863.0,41.6,1.63,0.01,0.01,0.86,0.04,589000.0,20110.7,13901.62,171.0,1765.0,605695.0,4183.18,1.56,88.3,1027617870421.6592,54991.81484262107,48468560013.13787
2021-04-29,36863.0,41.6,1.65,0.01,0.01,0.86,0.04,589000.0,20110.7,13970.2,171.0,1765.0,605695.0,4211.47,1.59,88.3,1024625833392.2412,54810.6138506792,48072930663.01449
2021-04-30,36863.0,41.6,1.65,0.01,0.01,0.86,0.03,589000.0,20110.7,13860.76,171.0,1765.0,605695.0,4181.17,1.6,88.3,1001973605935.3958,53596.70402266675,46958036373.360306
2021-05-03,38452.0,41.5,1.63,0.02,0.04,0.84,0.04,557000.0,20418.7,13799.72,170.9,1691.0,601123.0,4192.66,1.57,82.9,1057850321948.5465,56600.74528738432,39072664393.929405
2021-05-04,38452.0,41.5,1.61,0.01,0.02,0.82,0.04,557000.0,20418.7,13544.67,170.9,1691.0,601123.0,4164.66,1.55,82.9,1069571255195.5189,57200.30029871162,54132470274.07509
2021-05-05,38452.0,41.5,1.59,0.01,0.02,0.8,0.04,557000.0,20418.7,13503.37,170.9,1691.0,601123.0,4167.59,1.53,82.9,999775008412.3738,53464.37021950372,71296763919.13268
2021-05-06,38452.0,41.5,1.58,0.01,0.02,0.81,0.04,557000.0,20418.7,13613.73,170.9,1691.0,601123.0,4201.62,1.52,82.9,1070969079353.5304,57432.100227087576,72158368257.54709
2021-05-07,38452.0,41.5,1.6,0.01,0.02,0.77,0.04,557000.0,20418.7,13719.63,170.9,1691.0,601123.0,4232.6,1.54,82.9,1056801053574.5111,56507.759439869595,87510802710.77629
2021-05-10,38452.0,41.5,1.63,0.02,0.02,0.8,0.04,537750.0,20418.7,13359.08,170.9,1691.0,601123.0,4188.43,1.57,82.9,1088903483393.3053,58213.926293744385,67906284080.6139
2021-05-11,38452.0,41.5,1.64,0.01,0.01,0.8,0.04,537750.0,20418.7,13351.27,170.9,1691.0,601123.0,4152.1,1.58,82.9,1045714370754.1615,55901.66759456145,76672978747.69038
2021-05-12,38452.0,41.5,1.69,0.01,0.02,0.87,0.04,537750.0,20418.7,13001.63,170.9,1691.0,601123.0,4063.04,1.63,82.9,1064993057463.8884,56928.97235660158,67726708140.565094
2021-05-13,38452.0,41.5,1.66,0.0,0.02,0.84,0.03,537750.0,20418.7,13109.15,170.9,1691.0,601123.0,4112.5,1.6,82.9,935512493150.826,50004.76218313686,75523928654.34041
2021-05-14,38452.0,41.5,1.63,0.01,0.01,0.82,0.03,537750.0,20418.7,13312.91,170.9,1691.0,601123.0,4173.85,1.57,82.9,934964766185.9642,49972.795398372444,104203551167.93765
2021-05-17,38452.0,41.5,1.64,0.0,0.02,0.84,0.04,513000.0,20418.7,13312.91,170.9,1691.0,601123.0,4163.29,1.58,82.9,871695620615.745,46585.06413538846,70636455913.96016
2021-05-18,38452.0,41.5,1.64,0.0,0.02,0.83,0.03,513000.0,20418.7,13217.68,170.9,1691.0,601123.0,4127.83,1.58,82.9,819256623328.7307,43780.82559782485,84054878923.85199
2021-05-19,38452.0,41.5,1.68,0.0,0.01,0.87,0.03,513000.0,20418.7,13237.91,170.9,1691.0,601123.0,4115.68,1.62,82.9,800545278567.6873,43091.04144756922,65037066859.11668
2021-05-20,38452.0,41.5,1.63,0.01,0.01,0.83,0.03,513000.0,20418.7,13494.09,170.9,1691.0,601123.0,4159.12,1.57,82.9,697785056487.6051,37287.39140242737,80472412244.27371
2021-05-21,38452.0,41.5,1.63,0.0,0.01,0.84,0.02,513000.0,20418.7,13411.74,170.9,1691.0,601123.0,4155.86,1.57,82.9,759679496751.2783,40437.73009625558,95001812130.50996
2021-05-24,38452.0,41.5,1.61,0.01,0.02,0.82,0.03,479750.0,20418.7,13641.75,170.9,1691.0,601123.0,4197.05,1.55,82.9,654558962027.5841,34977.527801962424,84358034875.51308
2021-05-25,38452.0,41.5,1.56,0.01,0.02,0.79,0.04,479750.0,20418.7,13657.73,170.9,1691.0,601123.0,4188.13,1.5,82.9,723143072419.7241,38642.4422973396,71163197727.3351
2021-05-26,38452.0,41.5,1.58,0.0,0.02,0.8,0.04,479750.0,20418.7,13702.74,170.9,1691.0,601123.0,4195.99,1.52,82.9,715248689989.8947,38210.80521759389,48724794157.985054
2021-05-27,38452.0,41.5,1.61,0.0,0.02,0.81,0.04,479750.0,20418.7,13657.85,170.9,1691.0,601123.0,4200.88,1.55,82.9,737668726732.3829,39406.934244116186,47026386118.47242
2021-05-28,38452.0,41.5,1.58,0.01,0.01,0.79,0.03,479750.0,20418.7,13686.51,170.9,1691.0,601123.0,4204.11,1.53,82.9,723137484747.1467,38642.89555434217,40836817155.71973
2021-06-01,38346.0,41.3,1.62,0.01,0.02,0.81,0.04,457250.0,20460.1,13654.59,171.1,1661.0,603234.0,4202.04,1.56,85.5,699138611681.2975,37340.6792659422,37950798680.48171
2021-06-02,38346.0,41.3,1.59,0.01,0.02,0.8,0.04,457250.0,20460.1,13675.79,171.1,1661.0,603234.0,4208.12,1.53,85.5,688726381047.1788,36680.06820180283,33536905027.710236
2021-06-03,38346.0,41.3,1.63,0.0,0.02,0.84,0.04,457250.0,20460.1,13529.68,171.1,1661.0,603234.0,4192.85,1.57,85.5,704531333543.3906,37685.71798174826,31240691604.199257
2021-06-04,38346.0,41.3,1.56,0.01,0.02,0.78,0.04,457250.0,20460.1,13770.77,171.1,1661.0,603234.0,4229.89,1.5,85.5,733150718114.4554,39151.316183800314,33396718844.557133
2021-06-07,38346.0,41.3,1.57,0.01,0.02,0.79,0.04,438750.0,20460.1,13802.89,171.1,1661.0,603234.0,4226.52,1.51,85.5,671131079523.7289,35834.4744744042,27689283070.836933
2021-06-08,38346.0,41.3,1.53,0.01,0.02,0.77,0.04,438750.0,20460.1,13810.86,171.1,1661.0,603234.0,4227.26,1.47,85.5,626527049947.8439,33451.38340714534,33345528753.340153
2021-06-09,38346.0,41.3,1.5,0.01,0.03,0.75,0.04,438750.0,20460.1,13814.94,171.1,1661.0,603234.0,4219.55,1.44,85.5,629018966290.4011,33557.15068309184,46727462986.366455
2021-06-10,38346.0,41.3,1.45,0.01,0.03,0.73,0.04,438750.0,20460.1,13960.35,171.1,1661.0,603234.0,4239.18,1.39,85.5,705292677171.4633,37553.64375851888,54511387836.11497
2021-06-11,38346.0,41.3,1.47,0.01,0.03,0.76,0.04,438750.0,20460.1,13998.3,171.1,1661.0,603234.0,4247.44,1.41,85.5,691681868464.4717,36903.304906778896,42952476854.83458
2021-06-14,38346.0,41.3,1.51,0.01,0.03,0.8,0.05,429250.0,20460.1,14128.2,171.1,1661.0,603234.0,4255.15,1.45,85.5,733402631079.1185,39147.70567879997,38185633278.287155
2021-06-15,38346.0,41.3,1.51,0.02,0.03,0.79,0.05,429250.0,20460.1,14030.41,171.1,1661.0,603234.0,4246.59,1.45,85.5,761104314502.2867,40624.51305316154,45836408439.45157
2021-06-16,38346.0,41.3,1.57,0.04,0.04,0.89,0.06,429250.0,20460.1,13983.01,171.1,1661.0,603234.0,4223.7,1.51,85.5,756522207420.3483,40378.20254971114,36706248352.237144
2021-06-17,38346.0,41.3,1.52,0.05,0.04,0.9,0.06,429250.0,20460.1,14163.81,171.1,1661.0,603234.0,4221.86,1.42,85.5,718016373177.285,38321.454656574206,36563438889.78541
2021-06-18,38346.0,41.3,1.45,0.05,0.05,0.89,0.06,429250.0,20460.1,14049.58,171.1,1661.0,603234.0,4166.45,1.35,85.5,715652442155.1261,38193.619141943964,36330237284.41833
2021-06-21,38346.0,41.3,1.5,0.04,0.05,0.9,0.06,425000.0,20460.1,14137.23,171.1,1661.0,603234.0,4224.79,1.4,85.5,670634370556.6146,35787.07740523232,35609127163.62243
2021-06-22,38346.0,41.3,1.48,0.04,0.04,0.87,0.06,425000.0,20460.1,14270.42,171.1,1661.0,603234.0,4246.44,1.38,85.5,598335733135.868,31711.935467727006,51873870276.52254
2021-06-23,38346.0,41.3,1.5,0.04,0.05,0.9,0.05,425000.0,20460.1,14274.24,171.1,1661.0,603234.0,4241.84,1.4,85.5,606580031922.7239,32507.738707026845,57443014757.92467
2021-06-24,38346.0,41.3,1.49,0.05,0.05,0.9,0.05,425000.0,20460.1,14365.96,171.1,1661.0,603234.0,4266.49,1.39,85.5,631634847766.2311,33702.61779371396,39798236962.44067
2021-06-25,38346.0,41.3,1.54,0.05,0.06,0.92,0.06,425000.0,20460.1,14345.18,171.1,1661.0,603234.0,4280.7,1.44,85.5,650340461975.8141,34675.44910530336,31862051544.349895
2021-06-28,38346.0,41.3,1.49,0.04,0.05,0.9,0.06,419500.0,20460.1,14524.98,171.1,1661.0,603234.0,4290.61,1.39,85.5,649262127990.3759,34607.293274083386,34335452117.32629
2021-06-29,38346.0,41.3,1.49,0.04,0.04,0.89,0.06,419500.0,20460.1,14572.75,171.1,1661.0,603234.0,4291.8,1.39,85.5,647741224116.9337,34556.8421269449,32453802891.01519
2021-06-30,38346.0,41.3,1.45,0.05,0.05,0.87,0.06,419500.0,20460.1,14554.8,171.1,1661.0,603234.0,4297.5,1.37,85.5,674231340724.4149,35968.993667970346,35121257875.54662
2021-07-01,41295.0,41.5,1.48,0.05,0.05,0.89,0.05,419500.0,20615.3,14560.05,171.715,1655.0,606343.0,4319.94,1.38,81.2,660200427590.4775,35171.486304850056,31024153846.878517
2021-07-02,41295.0,41.5,1.44,0.05,0.05,0.86,0.05,419500.0,20615.3,14727.63,171.715,1655.0,606343.0,4352.34,1.34,81.2,629863895571.7473,33677.566235922626,29129630236.14075
2021-07-06,41295.0,41.5,1.37,0.05,0.05,0.81,0.06,415250.0,20615.3,14786.36,171.715,1655.0,606343.0,4343.54,1.27,81.2,636061920914.8282,33928.13421837147,25894820184.74507
2021-07-07,41295.0,41.5,1.33,0.05,0.05,0.79,0.05,415250.0,20615.3,14810.54,171.715,1655.0,606343.0,4358.13,1.23,81.2,640405812761.686,34149.98981477412,26106856611.92326
2021-07-08,41295.0,41.5,1.3,0.06,0.06,0.74,0.06,415250.0,20615.3,14722.14,171.715,1655.0,606343.0,4320.82,1.2,81.2,636246944189.2604,33932.25463831538,23692220470.135063
2021-07-09,41295.0,41.5,1.37,0.06,0.06,0.79,0.05,415250.0,20615.3,14826.09,171.715,1655.0,606343.0,4369.55,1.27,81.2,617861633771.9894,32933.578199292395,29065577052.29722
2021-07-12,41295.0,41.5,1.38,0.05,0.05,0.81,0.06,405750.0,20615.3,14877.89,171.715,1655.0,606343.0,4384.63,1.28,81.2,643335853171.1349,34299.938016517444,17798828844.27227
2021-07-13,41295.0,41.5,1.42,0.05,0.05,0.85,0.06,405750.0,20615.3,14874.54,171.715,1655.0,606343.0,4369.21,1.32,81.2,623350567666.981,33262.6543524462,21683885320.611263
2021-07-14,41295.0,41.5,1.37,0.06,0.06,0.8,0.05,405750.0,20615.3,14900.44,171.715,1655.0,606343.0,4374.3,1.27,81.2,613002045101.37,32676.38380096018,19932531699.624603
2021-07-15,41295.0,41.5,1.31,0.05,0.05,0.78,0.05,405750.0,20615.3,14794.69,171.715,1655.0,606343.0,4360.03,1.21,81.2,616691143979.958,32878.50187357147,21779069066.445965
2021-07-16,41295.0,41.5,1.31,0.05,0.05,0.79,0.05,405750.0,20615.3,14681.38,171.715,1655.0,606343.0,4327.16,1.21,81.2,595342431373.8641,31726.038833909817,21557729227.284348
2021-07-19,41295.0,41.5,1.19,0.05,0.05,0.7,0.06,405750.0,20615.3,14549.09,171.715,1655.0,606343.0,4258.49,1.09,81.2,597872278369.1111,31919.393922554555,17742105807.895496
2021-07-20,41295.0,41.5,1.23,0.05,0.05,0.69,0.06,405750.0,20615.3,14728.21,171.715,1655.0,606343.0,4323.06,1.13,81.2,580252472382.7122,30928.211908849244,20095540828.295692
2021-07-21,41295.0,41.5,1.3,0.04,0.05,0.74,0.05,405750.0,20615.3,14842.63,171.715,1655.0,606343.0,4358.69,1.2,81.2,561743228116.5483,29971.903783612062,23000299061.896305
2021-07-22,41295.0,41.5,1.27,0.04,0.05,0.71,0.05,405750.0,20615.3,14940.17,171.715,1655.0,606343.0,4367.48,1.17,81.2,605357009416.7555,32383.78112696872,29070652059.995018
2021-07-23,41295.0,41.5,1.3,0.05,0.05,0.72,0.05,405750.0,20615.3,15111.79,171.715,1655.0,606343.0,4411.79,1.2,81.2,607621607805.3499,32409.499767175417,19741588059.45234
2021-07-26,41295.0,41.5,1.29,0.05,0.05,0.73,0.06,407250.0,20615.3,15125.95,171.715,1655.0,606343.0,4422.3,1.19,81.2,664681184168.7764,35456.124660766836,20929083220.53677
2021-07-27,41295.0,41.5,1.25,0.04,0.05,0.71,0.05,407250.0,20615.3,14956.97,171.715,1655.0,606343.0,4401.46,1.15,81.2,701921012034.6644,37281.91809217662,53550491997.72306
2021-07-28,41295.0,41.5,1.26,0.04,0.05,0.72,0.05,407250.0,20615.3,15018.1,171.715,1655.0,606343.0,4400.64,1.16,81.2,732311951673.3547,39076.59377063225,36401287454.43055
2021-07-29,41295.0,41.5,1.28,0.05,0.06,0.73,0.05,407250.0,20615.3,15048.36,171.715,1655.0,606343.0,4419.15,1.18,81.2,751371299910.5153,40031.19824444798,41369107422.717026
2021-07-30,41295.0,41.5,1.24,0.05,0.06,0.69,0.05,407250.0,20615.3,14959.9,171.715,1655.0,606343.0,4395.26,1.17,81.2,750407963580.4731,39977.75693922764,28717414113.01727
2021-08-02,39834.0,41.4,1.2,0.05,0.05,0.66,0.06,410000.0,20835.3,14963.62,172.456,1772.0,609248.0,4387.16,1.1,70.3,747403845431.8284,39914.82975848789,28555173661.663795
2021-08-03,39834.0,41.4,1.19,0.05,0.05,0.65,0.06,410000.0,20835.3,15061.42,172.456,1772.0,609248.0,4423.15,1.09,70.3,737440183775.5553,39278.766508103676,28057528866.262108
2021-08-04,39834.0,41.4,1.19,0.05,0.05,0.67,0.05,410000.0,20835.3,15083.39,172.456,1772.0,609248.0,4402.66,1.09,70.3,720835141114.3336,38368.35401197897,28422901237.16951
2021-08-05,39834.0,41.4,1.23,0.05,0.05,0.72,0.06,410000.0,20835.3,15181.64,172.456,1772.0,609248.0,4429.1,1.13,70.3,747085951935.0547,39751.58457509862,27751046040.329308
2021-08-06,39834.0,41.4,1.31,0.04,0.06,0.77,0.06,410000.0,20835.3,15109.36,172.456,1772.0,609248.0,4436.52,1.21,70.3,768416417393.5968,40825.381940449704,38527930905.31518
2021-08-09,39834.0,41.4,1.33,0.04,0.06,0.79,0.06,416250.0,20835.3,15133.11,172.456,1772.0,609248.0,4432.35,1.23,70.3,821704814136.0109,43753.217862646314,39633218478.615295
2021-08-10,39834.0,41.4,1.36,0.05,0.05,0.82,0.05,416250.0,20835.3,15053.58,172.456,1772.0,609248.0,4436.75,1.26,70.3,861862844505.6104,46311.00189857689,42726733997.85781
2021-08-11,39834.0,41.4,1.35,0.05,0.05,0.81,0.06,416250.0,20835.3,15027.76,172.456,1772.0,609248.0,4447.7,1.25,70.3,854344953098.7552,45639.51401890709,35669862361.54627
2021-08-12,39834.0,41.4,1.36,0.05,0.06,0.83,0.06,416250.0,20835.3,15088.98,172.456,1772.0,609248.0,4460.83,1.26,70.3,857660568377.3856,45652.06012506926,35679832771.371475
2021-08-13,39834.0,41.4,1.29,0.04,0.06,0.79,0.05,416250.0,20835.3,15136.68,172.456,1772.0,609248.0,4468.0,1.19,70.3,836054770491.896,44495.20979327958,35838614930.04035
2021-08-16,39834.0,41.4,1.26,0.04,0.06,0.75,0.05,411500.0,20835.3,15140.77,172.456,1772.0,609248.0,4479.71,1.16,70.3,882888202377.7089,47025.00323011282,32863850458.005253
2021-08-17,39834.0,41.4,1.26,0.03,0.07,0.77,0.06,411500.0,20835.3,15002.83,172.456,1772.0,609248.0,4448.08,1.16,70.3,866391335029.3693,46031.75754362583,34221605780.00136
2021-08-18,39834.0,41.4,1.27,0.03,0.07,0.79,0.05,411500.0,20835.3,14857.92,172.456,1772.0,609248.0,4400.27,1.18,70.3,836777066605.9799,44534.454854219905,34488116651.18446
2021-08-19,39834.0,41.4,1.24,0.04,0.06,0.78,0.05,411500.0,20835.3,14933.94,172.456,1772.0,609248.0,4405.8,1.15,70.3,847143004614.999,45015.46554608543,34668999387.83819
2021-08-20,39834.0,41.4,1.26,0.04,0.05,0.8,0.05,411500.0,20835.3,15092.57,172.456,1772.0,609248.0,4441.67,1.17,70.3,867650725472.864,46745.03462296988,38434805722.952705
2021-08-23,39834.0,41.4,1.25,0.04,0.05,0.78,0.06,407500.0,20835.3,15312.82,172.456,1772.0,609248.0,4479.53,1.16,70.3,925630106451.4792,49250.54486971799,27110183703.24463
2021-08-24,39834.0,41.4,1.29,0.03,0.05,0.8,0.05,407500.0,20835.3,15357.68,172.456,1772.0,609248.0,4486.23,1.2,70.3,930729196214.2946,49518.57748790696,35800255386.41374
2021-08-25,39834.0,41.4,1.35,0.04,0.06,0.84,0.06,407500.0,20835.3,15368.92,172.456,1772.0,609248.0,4496.19,1.26,70.3,902489541307.5308,47940.6079149608,38387146174.87064
2021-08-26,39834.0,41.4,1.34,0.04,0.05,0.84,0.06,407500.0,20835.3,15278.52,172.456,1772.0,609248.0,4470.0,1.25,70.3,921328247353.5629,49002.70376627545,33517327123.555378
2021-08-27,39834.0,41.4,1.31,0.04,0.05,0.79,0.05,407500.0,20835.3,15432.95,172.456,1772.0,609248.0,4509.37,1.23,70.3,887832142450.1957,47229.070650876114,33774857002.92822
2021-08-30,39834.0,41.4,1.29,0.04,0.05,0.77,0.05,399250.0,20835.3,15605.09,172.456,1772.0,609248.0,4528.79,1.21,70.3,919515378468.8468,48907.27073106221,26244843557.507874
2021-08-31,39834.0,41.4,1.3,0.03,0.04,0.77,0.06,399250.0,20835.3,15582.51,172.456,1772.0,609248.0,4522.68,1.24,70.3,885729258052.6316,47124.25422469402,32326073271.91957
2021-09-01,38259.0,41.4,1.31,0.04,0.05,0.78,0.06,399250.0,20965.7,15611.57,176.229,1615.0,608895.0,4524.09,1.23,72.8,890014982634.8986,47335.42029920565,34868965959.24512
2021-09-02,38259.0,41.4,1.29,0.05,0.05,0.78,0.06,399250.0,20965.7,15604.25,176.229,1615.0,608895.0,4536.95,1.21,72.8,918058330851.4829,48823.05520964915,39060601275.21267
2021-09-03,38259.0,41.4,1.33,0.04,0.05,0.78,0.05,399250.0,20965.7,15652.86,176.229,1615.0,608895.0,4535.43,1.25,72.8,927323146557.2119,49338.78465183332,39362789535.46043
2021-09-07,38259.0,41.4,1.38,0.04,0.05,0.82,0.06,385500.0,20965.7,15675.76,176.229,1615.0,608895.0,4520.03,1.3,72.8,992868819862.2306,52739.800166345514,37532574716.902405
2021-09-08,38259.0,41.4,1.35,0.05,0.05,0.81,0.06,385500.0,20965.7,15620.85,176.229,1615.0,608895.0,4514.07,1.27,72.8,881943904968.6511,46995.16417095979,64010507329.271904
2021-09-09,38259.0,41.4,1.3,0.07,0.04,0.79,0.05,385500.0,20965.7,15561.05,176.229,1615.0,608895.0,4493.28,1.22,72.8,866885887154.3109,46085.02861578186,48151104381.084854
2021-09-10,38259.0,41.4,1.35,0.06,0.05,0.82,0.06,385500.0,20965.7,15440.75,176.229,1615.0,608895.0,4458.58,1.27,72.8,876179332243.7437,46518.94118660236,38581092903.84418
2021-09-13,38259.0,41.4,1.33,0.06,0.06,0.81,0.06,375000.0,20965.7,15434.5,176.229,1615.0,608895.0,4468.73,1.25,72.8,869122611514.091,46195.21830082935,27585855039.22065
2021-09-14,38259.0,41.4,1.28,0.05,0.04,0.79,0.05,375000.0,20965.7,15382.9,176.229,1615.0,608895.0,4443.05,1.2,72.8,848992511473.5618,45139.83396873267,40683028027.85497
2021-09-15,38259.0,41.4,1.31,0.04,0.04,0.81,0.05,375000.0,20965.7,15503.53,176.229,1615.0,608895.0,4480.7,1.23,72.8,886524004596.6061,47135.43199562694,38645575965.52751
2021-09-16,38259.0,41.4,1.34,0.06,0.04,0.84,0.05,375000.0,20965.7,15515.91,176.229,1615.0,608895.0,4473.75,1.26,72.8,906727769791.0696,48186.53275704722,30037816650.128475
2021-09-17,38259.0,41.4,1.37,0.06,0.04,0.88,0.05,375000.0,20965.7,15333.47,176.229,1615.0,608895.0,4432.99,1.29,72.8,900990520811.9348,47879.47343992101,31578783374.768665
2021-09-20,38259.0,41.4,1.31,0.06,0.04,0.83,0.05,371250.0,20965.7,15012.19,176.229,1615.0,608895.0,4357.73,1.23,72.8,891560241243.0585,47371.03933236471,26163167368.59442
2021-09-21,38259.0,41.4,1.33,0.05,0.03,0.84,0.04,371250.0,20965.7,15027.77,176.229,1615.0,608895.0,4354.19,1.25,72.8,805826302811.3501,42932.94659595412,41220025453.5186
2021-09-22,38259.0,41.4,1.32,0.04,0.03,0.86,0.05,371250.0,20965.7,15176.51,176.229,1615.0,608895.0,4395.64,1.24,72.8,760802031650.6051,40386.62363528928,45940419565.082825
2021-09-23,38259.0,41.4,1.41,0.05,0.03,0.94,0.04,371250.0,20965.7,15316.58,176.229,1615.0,608895.0,4448.98,1.33,72.8,820460824050.9529,43587.22305058473,36624234960.05299
2021-09-24,38259.0,41.4,1.47,0.06,0.03,0.97,0.05,371250.0,20965.7,15329.68,176.229,1615.0,608895.0,4455.48,1.39,72.8,846615719473.8734,44980.898214810935,33594750549.99859
2021-09-27,38259.0,41.4,1.48,0.06,0.04,0.98,0.05,370000.0,20965.7,15204.82,176.229,1615.0,608895.0,4443.11,1.4,72.8,825341135635.7169,43336.861233242744,30462815705.283737
2021-09-28,38259.0,41.4,1.54,0.07,0.04,1.02,0.06,370000.0,20965.7,14770.3,176.229,1615.0,608895.0,4352.63,1.46,72.8,794889951096.439,42247.355729006355,30483144439.45263
2021-09-29,38259.0,41.4,1.55,0.05,0.04,1.01,0.05,370000.0,20965.7,14752.89,176.229,1615.0,608895.0,4359.46,1.47,72.8,775534111089.4891,41010.37519836549,29691944223.292786
2021-09-30,38259.0,41.4,1.52,0.07,0.04,0.98,0.05,370000.0,20965.7,14689.62,176.229,1615.0,608895.0,4307.54,1.46,72.8,782626384092.2843,41587.66786232295,30068690311.96594
2021-10-01,40040.0,41.3,1.48,0.08,0.04,0.93,0.05,370000.0,21143.9,14791.87,178.15,1698.0,610980.0,4357.04,1.4,71.7,827840965059.6127,43859.32614724109,30859918334.565014
2021-10-04,40040.0,41.3,1.49,0.09,0.04,0.95,0.06,364750.0,21143.9,14472.12,178.15,1698.0,610980.0,4300.46,1.41,71.7,910331395887.4816,48282.97113857447,26034594561.963406
2021-10-05,40040.0,41.3,1.54,0.1,0.04,0.98,0.06,364750.0,21143.9,14674.15,178.15,1698.0,610980.0,4345.72,1.46,71.7,927812140868.0522,49260.232321130694,32691763060.319107
2021-10-06,40040.0,41.3,1.53,0.06,0.04,0.99,0.06,364750.0,21143.9,14766.75,178.15,1698.0,610980.0,4363.55,1.45,71.7,973040988102.9114,51668.99422435564,35480330025.02791
2021-10-07,40040.0,41.3,1.58,0.03,0.05,1.02,0.06,364750.0,21143.9,14897.13,178.15,1698.0,610980.0,4399.76,1.5,71.7,1044675252844.3663,55415.00574202895,48462388015.80152
2021-10-08,40040.0,41.3,1.61,0.02,0.05,1.05,0.07,364750.0,21143.9,14820.75,178.15,1698.0,610980.0,4391.34,1.53,71.7,1015246512238.866,53894.59599452107,36549815857.28183
2021-10-12,40040.0,41.3,1.59,0.03,0.06,1.08,0.06,353250.0,21143.9,14662.11,178.15,1698.0,610980.0,4350.65,1.51,71.7,1084736227837.6608,57572.510855596534,41913482915.37917
2021-10-13,40040.0,41.3,1.56,0.03,0.05,1.09,0.06,353250.0,21143.9,14774.6,178.15,1698.0,610980.0,4363.8,1.48,71.7,1061829863954.1321,56335.035460511535,40021384610.698265
2021-10-14,40040.0,41.3,1.52,0.05,0.05,1.05,0.06,353250.0,21143.9,15052.42,178.15,1698.0,610980.0,4438.26,1.44,71.7,1083366079898.5513,57487.985880422195,41216945749.34656
2021-10-15,40040.0,41.3,1.59,0.04,0.05,1.13,0.06,353250.0,21143.9,15146.92,178.15,1698.0,610980.0,4471.37,1.51,71.7,1082900149762.5826,57452.43178503547,35994603913.188385
2021-10-18,40040.0,41.3,1.59,0.05,0.06,1.16,0.06,335750.0,21143.9,15300.89,178.15,1698.0,610980.0,4486.46,1.51,71.7,1160650121141.9934,61583.77443961336,29625957541.677635
2021-10-19,40040.0,41.3,1.65,0.06,0.05,1.17,0.06,335750.0,21143.9,15410.72,178.15,1698.0,610980.0,4519.63,1.57,71.7,1173944883529.633,62017.972725178704,39610183787.235275
2021-10-20,40040.0,41.3,1.65,0.06,0.05,1.16,0.06,335750.0,21143.9,15388.71,178.15,1698.0,610980.0,4536.19,1.57,71.7,1217582580302.557,64517.64856042277,42550624869.2941
2021-10-21,40040.0,41.3,1.68,0.06,0.06,1.23,0.06,335750.0,21143.9,15489.59,178.15,1698.0,610980.0,4549.78,1.6,71.7,1250376460615.7495,66237.51755029388,40790757381.601654
2021-10-22,40040.0,41.3,1.66,0.05,0.06,1.22,0.07,335750.0,21143.9,15355.07,178.15,1698.0,610980.0,4544.9,1.58,71.7,1178926819140.8179,62541.08693293518,48709960685.53348
2021-10-25,40040.0,41.3,1.64,0.07,0.06,1.19,0.06,315250.0,21143.9,15514.19,178.15,1698.0,610980.0,4566.48,1.56,71.7,1153315262663.0586,61173.1663907232,29982535557.40278
2021-10-26,40040.0,41.3,1.63,0.06,0.06,1.2,0.06,315250.0,21143.9,15559.49,178.15,1698.0,610980.0,4574.79,1.55,71.7,1192131994832.5864,63228.21382584213,30852852368.02752
2021-10-27,40040.0,41.3,1.54,0.06,0.06,1.16,0.07,315250.0,21143.9,15598.39,178.15,1698.0,610980.0,4551.68,1.46,71.7,1143497865064.6724,60604.18888794746,33233702858.09473
2021-10-28,40040.0,41.3,1.57,0.06,0.06,1.18,0.06,315250.0,21143.9,15778.16,178.15,1698.0,610980.0,4596.42,1.49,71.7,1105754837660.925,58641.00147419492,43976252157.068634
2021-10-29,40040.0,41.3,1.55,0.06,0.05,1.18,0.07,315250.0,21143.9,15850.47,178.15,1698.0,610980.0,4605.38,1.48,71.7,1145912030969.1882,60767.55585206728,52318597556.794624
2021-11-01,40823.0,41.4,1.58,0.05,0.05,1.2,0.06,300250.0,21349.2,15905.28,178.557,1729.0,624008.0,4613.67,1.5,67.4,1159841954948.4832,61471.86846276259,32494948460.791386
2021-11-02,40823.0,41.4,1.56,0.05,0.05,1.15,0.07,300250.0,21349.2,15972.49,178.557,1729.0,624008.0,4630.65,1.48,67.4,1152831210803.7048,61121.83120106507,35834742028.38199
2021-11-03,40823.0,41.4,1.6,0.05,0.05,1.19,0.07,300250.0,21349.2,16144.5,178.557,1729.0,624008.0,4660.57,1.52,67.4,1186951581189.4705,63247.20896127831,37335066460.155334
2021-11-04,40823.0,41.4,1.53,0.05,0.04,1.1,0.07,300250.0,21349.2,16346.24,178.557,1729.0,624008.0,4680.06,1.45,67.4,1187048124213.9268,63130.94235171542,36561444796.93016
2021-11-05,40823.0,41.4,1.45,0.05,0.05,1.04,0.07,300250.0,21349.2,16359.38,178.557,1729.0,624008.0,4697.53,1.37,67.4,1157101738112.7314,61601.74357204975,33152275947.43255
2021-11-08,40823.0,41.4,1.51,0.04,0.06,1.13,0.07,290750.0,21349.2,16336.03,178.557,1729.0,624008.0,4701.7,1.43,67.4,1191631271447.797,63153.230193019495,24877902989.784378
2021-11-09,40823.0,41.4,1.46,0.04,0.04,1.08,0.06,290750.0,21349.2,16219.94,178.557,1729.0,624008.0,4685.25,1.38,67.4,1278797895528.3608,67617.0155448617,105426313891.40913
2021-11-10,40823.0,41.4,1.56,0.06,0.05,1.23,0.07,290750.0,21349.2,15985.57,178.557,1729.0,624008.0,4646.71,1.48,67.4,1268116896159.246,67145.37493537061,41207912437.79217
2021-11-12,40823.0,41.4,1.58,0.05,0.05,1.24,0.07,290750.0,21349.2,16199.89,178.557,1729.0,624008.0,4682.85,1.5,67.4,1228606858156.6921,65005.64515956679,35457583783.213585
2021-11-15,40823.0,41.4,1.63,0.06,0.05,1.26,0.06,279500.0,21349.2,16189.12,178.557,1729.0,624008.0,4682.8,1.55,67.4,1239021452560.904,65648.97779110243,26088449436.717113
2021-11-16,40823.0,41.4,1.63,0.06,0.05,1.27,0.07,279500.0,21349.2,16309.77,178.557,1729.0,624008.0,4700.9,1.55,67.4,1206711952537.9358,63933.835442599324,32107212452.298412
2021-11-17,40823.0,41.4,1.6,0.06,0.05,1.24,0.06,279500.0,21349.2,16308.07,178.557,1729.0,624008.0,4688.67,1.52,67.4,1141910823555.9597,60448.56251258625,48978396010.968155
2021-11-18,40823.0,41.4,1.59,0.12,0.05,1.22,0.06,279500.0,21349.2,16482.97,178.557,1729.0,624008.0,4704.54,1.51,67.4,1138136620641.4888,60603.65586738653,39200729529.48786
2021-11-19,40823.0,41.4,1.54,0.11,0.05,1.22,0.06,279500.0,21349.2,16573.34,178.557,1729.0,624008.0,4697.96,1.46,67.4,1075758915731.0365,56987.32233855049,41828523861.71753
2021-11-22,40823.0,41.4,1.63,0.07,0.05,1.33,0.07,267000.0,21349.2,16380.98,178.557,1729.0,624008.0,4682.94,1.55,67.4,1120610791475.7502,59139.779279527174,25743426946.961926
2021-11-23,40823.0,41.4,1.67,0.06,0.06,1.33,0.07,267000.0,21349.2,16306.72,178.557,1729.0,624008.0,4690.7,1.59,67.4,1064619437494.1869,56386.856853152145,34001467918.52828
2021-11-24,40823.0,41.4,1.64,0.14,0.06,1.34,0.1,267000.0,21349.2,16367.81,178.557,1729.0,624008.0,4701.46,1.56,67.4,1090380950871.23,57748.79317378856,36421192856.53637
2021-11-26,40823.0,41.4,1.48,0.11,0.06,1.16,0.1,267000.0,21349.2,16025.58,178.557,1729.0,624008.0,4594.62,1.4,67.4,1112182356756.767,58897.84698299794,33721097081.419792
2021-11-29,40823.0,41.4,1.52,0.07,0.06,1.18,0.1,257000.0,21349.2,16399.24,178.557,1729.0,624008.0,4655.27,1.44,67.4,1080980050980.763,57237.66113709043,27659464986.73885
2021-11-30,40823.0,41.4,1.43,0.11,0.05,1.14,0.1,257000.0,21349.2,16135.92,178.557,1729.0,624008.0,4567.0,1.36,67.4,1092574224475.6908,57848.77353712989,30985196646.76598
2021-12-01,42021.0,41.4,1.43,0.09,0.06,1.15,0.1,257000.0,21490.0,15877.72,178.907,1896.0,649163.0,4513.04,1.35,70.6,1076804436724.3245,57011.28047424234,35723038603.83064
2021-12-02,42021.0,41.4,1.44,0.05,0.05,1.21,0.09,257000.0,21490.0,15990.76,178.907,1896.0,649163.0,4577.1,1.36,70.6,1079838995016.5873,57169.37199381056,49383073891.00049
2021-12-03,42021.0,41.4,1.35,0.04,0.06,1.13,0.09,257000.0,21490.0,15712.04,178.907,1896.0,649163.0,4538.43,1.27,70.6,1067406204922.5636,56508.26805402271,36296342256.75686
2021-12-06,42021.0,41.4,1.43,0.05,0.05,1.21,0.12,244250.0,21490.0,15846.16,178.907,1896.0,649163.0,4591.67,1.35,70.6,932015145132.0604,49268.46989053938,32826574574.44167
2021-12-07,42021.0,41.4,1.48,0.05,0.06,1.26,0.15,244250.0,21490.0,16325.66,178.907,1896.0,649163.0,4686.75,1.4,70.6,953396710269.5476,50461.57683653979,36126018721.826546
2021-12-08,42021.0,41.4,1.52,0.04,0.07,1.27,0.13,244250.0,21490.0,16394.34,178.907,1896.0,649163.0,4701.21,1.44,70.6,956961313925.818,50647.66340635755,30083305919.5604
2021-12-09,42021.0,41.4,1.49,0.03,0.06,1.26,0.12,244250.0,21490.0,16149.57,178.907,1896.0,649163.0,4667.45,1.41,70.6,954800139986.473,50530.4580645934,26590164539.05959
2021-12-10,42021.0,41.4,1.48,0.03,0.06,1.25,0.13,244250.0,21490.0,16331.98,178.907,1896.0,649163.0,4712.02,1.4,70.6,904878061656.8508,47885.871989417064,27269362515.246876
2021-12-13,42021.0,41.4,1.42,0.01,0.05,1.21,0.11,235000.0,21490.0,16082.55,178.907,1896.0,649163.0,4668.97,1.34,70.6,945932497231.4797,50051.078348674855,19871029748.355583
2021-12-14,42021.0,41.4,1.44,0.02,0.05,1.23,0.13,235000.0,21490.0,15914.9,178.907,1896.0,649163.0,4634.09,1.36,70.6,882570058436.5184,46696.30469946678,29628245402.124134
2021-12-15,42021.0,41.4,1.47,0.03,0.05,1.26,0.13,235000.0,21490.0,16289.59,178.907,1896.0,649163.0,4709.85,1.39,70.6,915015634616.989,48410.564656309325,30152105689.95273
2021-12-16,42021.0,41.4,1.44,0.04,0.05,1.19,0.13,235000.0,21490.0,15863.94,178.907,1896.0,649163.0,4668.67,1.36,70.6,925006387197.2257,48936.86258244155,33782603071.208714
2021-12-17,42021.0,41.4,1.41,0.03,0.05,1.18,0.13,235000.0,21490.0,15801.46,178.907,1896.0,649163.0,4620.64,1.33,70.6,901558072618.6224,47694.530502251764,24699414443.565502
2021-12-20,42021.0,41.4,1.43,0.03,0.07,1.17,0.16,229000.0,21490.0,15627.64,178.907,1896.0,649163.0,4568.02,1.35,70.6,884905649263.6449,46807.04861642627,23002876885.701263
2021-12-21,42021.0,41.4,1.48,0.03,0.07,1.24,0.16,229000.0,21490.0,15986.28,178.907,1896.0,649163.0,4649.23,1.4,70.6,890808857615.3627,47117.008204210455,29356191956.181854
2021-12-22,42021.0,41.4,1.46,0.03,0.08,1.23,0.16,229000.0,21490.0,16180.14,178.907,1896.0,649163.0,4696.56,1.38,70.6,929203956014.2224,49145.21725849885,25764127608.31085
2021-12-23,42021.0,41.4,1.5,0.04,0.07,1.25,0.18,229000.0,21490.0,16308.21,178.907,1896.0,649163.0,4725.79,1.42,70.6,921888029984.8673,48755.89564404483,21887790445.928295
2021-12-27,42021.0,41.4,1.48,0.04,0.06,1.26,0.21,221750.0,21490.0,16567.5,178.907,1896.0,649163.0,4791.19,1.4,70.6,961723851972.3851,50852.860259540656,19632044502.131416
2021-12-28,42021.0,41.4,1.49,0.03,0.06,1.27,0.2,221750.0,21490.0,16488.66,178.907,1896.0,649163.0,4786.35,1.41,70.6,960280703699.8921,50774.067814743,22793878136.833546
2021-12-29,42021.0,41.4,1.55,0.01,0.05,1.29,0.19,221750.0,21490.0,16491.01,178.907,1896.0,649163.0,4793.06,1.47,70.6,902655839568.4547,47725.14804631933,29538983233.48695
2021-12-30,42021.0,41.4,1.52,0.06,0.05,1.27,0.19,221750.0,21490.0,16429.1,178.907,1896.0,649163.0,4778.73,1.44,70.6,874314106559.5542,46506.99464767938,26348739119.378136
2021-12-31,42021.0,41.4,1.52,0.06,0.06,1.26,0.19,221750.0,21490.0,16320.08,178.907,1896.0,649163.0,4766.18,1.45,70.6,892648631305.5416,47191.86838983951,23753871435.216618
2022-01-03,41200.0,41.2,1.63,0.05,0.08,1.37,0.22,220750.0,21649.6,16501.77,185.724,1841.0,660783.0,4796.56,1.55,67.2,897536090320.9355,47387.212167697246,33756128241.98571
2022-01-04,41200.0,41.2,1.66,0.06,0.08,1.37,0.22,220750.0,21649.6,16279.73,185.724,1841.0,660783.0,4793.54,1.58,67.2,880330191985.1965,46531.140860530526,21890019531.577713
2022-01-05,41200.0,41.2,1.71,0.05,0.09,1.43,0.22,220750.0,21649.6,15771.78,185.724,1841.0,660783.0,4700.58,1.63,67.2,876242689666.1957,45938.02427172366,24895990583.663242
2022-01-06,41200.0,41.2,1.73,0.04,0.1,1.47,0.23,220750.0,21649.6,15765.36,185.724,1841.0,660783.0,4696.05,1.65,67.2,827723202715.1049,43647.147508068054,31837641246.01787
2022-01-07,41200.0,41.2,1.76,0.05,0.1,1.5,0.24,220750.0,21649.6,15592.19,185.724,1841.0,660783.0,4677.03,1.68,67.2,819522879407.0583,43216.45867693359,26366602396.811768
2022-01-10,41200.0,41.2,1.78,0.05,0.13,1.53,0.28,223250.0,21649.6,15614.43,185.724,1841.0,660783.0,4670.29,1.7,67.2,791648558214.5575,41862.3609856517,18016718173.608612
2022-01-11,41200.0,41.2,1.75,0.04,0.11,1.51,0.28,223250.0,21649.6,15844.12,185.724,1841.0,660783.0,4713.07,1.67,67.2,792407724467.5966,41869.85905559219,27984634062.049942
2022-01-12,41200.0,41.2,1.74,0.04,0.12,1.5,0.27,223250.0,21649.6,15905.1,185.724,1841.0,660783.0,4726.35,1.66,67.2,809621515508.4065,42777.211020482355,22813557397.82151
2022-01-13,41200.0,41.2,1.7,0.05,0.12,1.47,0.28,223250.0,21649.6,15495.62,185.724,1841.0,660783.0,4659.03,1.62,67.2,832460077955.3481,43981.87732717414,28250302540.221024
2022-01-14,41200.0,41.2,1.78,0.05,0.13,1.55,0.3,223250.0,21649.6,15611.59,185.724,1841.0,660783.0,4662.85,1.7,67.2,806510860231.8285,42608.41001195019,43905745871.292786
2022-01-18,41200.0,41.2,1.87,0.05,0.16,1.65,0.37,228250.0,21649.6,15210.76,185.724,1841.0,660783.0,4577.11,1.79,67.2,800822650383.9624,42298.341116872325,17694929625.845875
2022-01-19,41200.0,41.2,1.83,0.05,0.17,1.62,0.36,228250.0,21649.6,15047.84,185.724,1841.0,660783.0,4532.76,1.75,67.2,803962100417.9756,42395.45879157343,18897950050.285973
2022-01-20,41200.0,41.2,1.83,0.05,0.17,1.62,0.36,228250.0,21649.6,14846.46,185.724,1841.0,660783.0,4482.73,1.75,67.2,790507925308.7825,41749.55143098559,19626113309.554142
2022-01-21,41200.0,41.2,1.75,0.05,0.17,1.54,0.35,228250.0,21649.6,14438.4,185.724,1841.0,660783.0,4397.94,1.67,67.2,774235809673.4731,40707.6824143097,20930163211.171124
2022-01-24,41200.0,41.2,1.75,0.05,0.19,1.53,0.39,231000.0,21649.6,14509.58,185.724,1841.0,660783.0,4410.13,1.67,67.2,687575973800.0704,36306.409440464704,22865032968.608204
2022-01-25,41200.0,41.2,1.78,0.05,0.19,1.56,0.39,231000.0,21649.6,14149.12,185.724,1841.0,660783.0,4356.45,1.7,67.2,696465421899.37,36774.00714224005,36385158448.60688
2022-01-26,41200.0,41.2,1.85,0.06,0.19,1.66,0.4,231000.0,21649.6,14172.76,185.724,1841.0,660783.0,4349.93,1.77,67.2,700571452648.8236,36988.928510667356,46168918584.85349
2022-01-27,41200.0,41.2,1.81,0.04,0.2,1.66,0.43,231000.0,21649.6,14003.11,185.724,1841.0,660783.0,4326.51,1.73,67.2,700165819656.2855,36870.440166930995,26756873749.744743
2022-01-28,41200.0,41.2,1.78,0.04,0.19,1.61,0.43,231000.0,21649.6,14454.61,185.724,1841.0,660783.0,4431.85,1.7,67.2,702311456032.8538,37276.839558174994,22057410457.280827
2022-01-31,41200.0,41.2,1.79,0.03,0.22,1.62,0.49,228500.0,21649.6,14930.05,185.724,1841.0,660783.0,4515.55,1.71,67.2,719570142321.8397,37983.151499406464,11807185113.633108
2022-02-01,41497.0,41.6,1.81,0.04,0.19,1.63,0.48,228500.0,21708.4,15019.68,185.559,1857.0,671252.0,4546.54,1.73,62.8,727905398095.9747,38555.53446121157,17731563487.283978
2022-02-02,41497.0,41.6,1.78,0.04,0.19,1.6,0.45,228500.0,21708.4,15139.74,185.559,1857.0,671252.0,4589.38,1.7,62.8,736102274236.6057,38835.69494322237,17109120250.158987
2022-02-03,41497.0,41.6,1.82,0.03,0.2,1.66,0.48,228500.0,21708.4,14501.11,185.559,1857.0,671252.0,4477.44,1.74,62.8,700645616423.8325,37000.98249864199,16709908527.231106
2022-02-04,41497.0,41.6,1.93,0.05,0.23,1.78,0.56,228500.0,21708.4,14694.35,185.559,1857.0,671252.0,4500.53,1.85,62.8,703003347951.7092,37101.351593780935,16136299994.837618
2022-02-07,41497.0,41.6,1.92,0.03,0.27,1.76,0.58,216750.0,21708.4,14571.25,185.559,1857.0,671252.0,4483.87,1.84,62.8,804942041477.0581,42475.543220951215,13206494654.908047
2022-02-08,41497.0,41.6,1.96,0.03,0.25,1.81,0.59,216750.0,21708.4,14747.03,185.559,1857.0,671252.0,4521.54,1.88,62.8,833392518214.8341,43910.929986443094,24171856714.475758
2022-02-09,41497.0,41.6,1.94,0.04,0.26,1.82,0.57,216750.0,21708.4,15056.96,185.559,1857.0,671252.0,4587.18,1.86,62.8,837406846076.2306,44184.447511676175,29024977264.932137
2022-02-10,41497.0,41.6,2.03,0.05,0.4,1.96,0.74,216750.0,21708.4,14705.64,185.559,1857.0,671252.0,4504.08,1.95,62.8,841339973338.8694,44383.88805541707,19780565063.098923
2022-02-11,41497.0,41.6,1.92,0.03,0.36,1.84,0.71,216750.0,21708.4,14253.84,185.559,1857.0,671252.0,4418.64,1.84,62.8,826942197610.3904,43628.13953235228,27877618433.98099
2022-02-14,41497.0,41.6,1.98,0.03,0.43,1.9,0.76,209000.0,21708.4,14268.59,185.559,1857.0,671252.0,4401.67,1.9,62.8,802059713029.3901,42247.83595326771,12146423251.39967
2022-02-15,41497.0,41.6,2.05,0.02,0.4,1.94,0.72,209000.0,21708.4,14620.82,185.559,1857.0,671252.0,4471.07,1.97,62.8,808280617642.0496,42634.573783663065,18090873762.822777
2022-02-16,41497.0,41.6,2.03,0.03,0.38,1.9,0.67,209000.0,21708.4,14603.64,185.559,1857.0,671252.0,4475.01,1.95,62.8,848321283143.9929,44574.32057099816,19801081788.555756
2022-02-17,41497.0,41.6,1.97,0.06,0.36,1.85,0.65,209000.0,21708.4,14171.74,185.559,1857.0,671252.0,4380.26,1.89,62.8,836256083783.791,44063.28198279571,16847003857.433496
2022-02-18,41497.0,41.6,1.92,0.03,0.35,1.82,0.65,209000.0,21708.4,14009.54,185.559,1857.0,671252.0,4348.87,1.84,62.8,770096677778.6456,40562.98694982819,22270664615.4777
2022-02-22,41497.0,41.6,1.94,0.03,0.37,1.85,0.73,203000.0,21708.4,13870.53,185.559,1857.0,671252.0,4304.76,1.86,62.8,703004241590.1829,37059.979402287514,25174914104.16337
2022-02-23,41497.0,41.6,1.99,0.02,0.34,1.89,0.74,203000.0,21708.4,13509.43,185.559,1857.0,671252.0,4225.5,1.91,62.8,727094284067.6588,38337.2038554348,22212181617.200245
2022-02-24,41497.0,41.6,1.96,0.05,0.32,1.84,0.65,203000.0,21708.4,13974.67,185.559,1857.0,671252.0,4288.7,1.88,62.8,708829287814.1068,37372.2926803477,18507851467.85067
2022-02-25,41497.0,41.6,1.97,0.03,0.33,1.86,0.71,203000.0,21708.4,14189.16,185.559,1857.0,671252.0,4384.65,1.89,62.8,727657714638.0917,38363.345488570165,40839699480.89129
2022-02-28,41497.0,41.6,1.83,0.06,0.35,1.71,0.69,195000.0,21708.4,14237.81,185.559,1857.0,671252.0,4373.94,1.75,62.8,717619764688.0872,37803.59016044929,19424397945.619602
2022-03-01,43206.0,41.5,1.72,0.11,0.32,1.56,0.6,195000.0,21739.7,14005.99,186.557,1879.0,692095.0,4306.26,1.64,59.4,819019441071.749,43225.404677435734,30634280854.538326
2022-03-02,43206.0,41.5,1.86,0.13,0.34,1.74,0.68,195000.0,21739.7,14243.69,186.557,1879.0,692095.0,4386.54,1.78,59.4,841254375272.0455,44459.59162774341,27880763034.093914
2022-03-03,43206.0,41.5,1.86,0.19,0.38,1.74,0.69,195000.0,21739.7,14035.21,186.557,1879.0,692095.0,4363.49,1.78,59.4,834437956671.6672,43980.707382090906,25615956856.40275
2022-03-04,43206.0,41.5,1.74,0.15,0.34,1.65,0.69,195000.0,21739.7,13837.83,186.557,1879.0,692095.0,4328.87,1.66,59.4,807454920681.7217,42491.97839335905,22366184128.900482
2022-03-07,43206.0,41.5,1.78,0.17,0.38,1.71,0.75,196750.0,21739.7,13319.38,186.557,1879.0,692095.0,4201.09,1.7,59.4,729501899968.2964,38442.99174588676,16995562040.606796
2022-03-08,43206.0,41.5,1.86,0.16,0.36,1.8,0.72,196750.0,21739.7,13267.6,186.557,1879.0,692095.0,4170.7,1.78,59.4,723198804467.6718,38076.49382252028,24596395439.058964
2022-03-09,43206.0,41.5,1.94,0.18,0.38,1.87,0.75,196750.0,21739.7,13742.2,186.557,1879.0,692095.0,4277.88,1.86,59.4,735453953725.9198,38732.93701302586,22556397749.428085
2022-03-10,43206.0,41.5,1.98,0.19,0.39,1.92,0.75,196750.0,21739.7,13591.0,186.557,1879.0,692095.0,4259.52,1.9,59.4,796849504897.2562,41986.03444607623,29211702119.448605
2022-03-11,43206.0,41.5,2.0,0.17,0.4,1.96,0.78,196750.0,21739.7,13301.83,186.557,1879.0,692095.0,4204.31,1.92,59.4,749384110700.1091,39468.35477300189,27653455219.04128
2022-03-14,43206.0,41.5,2.14,0.23,0.45,2.1,0.86,188750.0,21739.7,13046.64,186.557,1879.0,692095.0,4173.11,2.06,59.4,718551088031.3688,37852.52514106289,14461647575.513742
2022-03-15,43206.0,41.5,2.15,0.22,0.46,2.1,0.86,188750.0,21739.7,13458.56,186.557,1879.0,692095.0,4262.45,2.07,59.4,751354026218.9767,39669.423812004505,21250969229.221596
2022-03-16,43206.0,41.5,2.19,0.24,0.44,2.18,0.86,188750.0,21739.7,13956.78,186.557,1879.0,692095.0,4357.86,2.11,59.4,747642430663.595,39331.84654059453,20768829817.938637
2022-03-17,43206.0,41.5,2.2,0.2,0.4,2.17,0.81,188750.0,21739.7,14118.6,186.557,1879.0,692095.0,4411.67,1.87,59.4,779761001844.4108,41165.63506140341,34974203468.766266
2022-03-18,43206.0,41.5,2.14,0.19,0.42,2.14,0.83,188750.0,21739.7,14420.08,186.557,1879.0,692095.0,4463.12,1.81,59.4,778474325709.8895,41001.70957801974,18861644942.593346
2022-03-21,43206.0,41.5,2.32,0.22,0.54,2.33,0.95,180750.0,21739.7,14376.09,186.557,1879.0,692095.0,4461.18,1.99,59.4,784054464871.6631,41283.25900104565,16856192301.960054
2022-03-22,43206.0,41.5,2.38,0.2,0.51,2.39,0.96,180750.0,21739.7,14654.33,186.557,1879.0,692095.0,4511.61,2.05,59.4,779205413378.8728,41061.81589384987,21335882483.315796
2022-03-23,43206.0,41.5,2.32,0.15,0.5,2.34,0.93,180750.0,21739.7,14447.55,186.557,1879.0,692095.0,4456.24,1.99,59.4,803937099701.4115,42401.895597489434,28688623151.357098
2022-03-24,43206.0,41.5,2.34,0.16,0.52,2.37,0.96,180750.0,21739.7,14765.69,186.557,1879.0,692095.0,4520.16,2.01,59.4,810894331277.664,42802.15471016985,21851891598.642384
2022-03-25,43206.0,41.5,2.48,0.17,0.55,2.55,1.01,180750.0,21739.7,14754.31,186.557,1879.0,692095.0,4543.06,2.15,59.4,834251096724.507,43936.09623454058,26212783703.864426
2022-03-28,43206.0,41.5,2.46,0.19,0.59,2.54,1.08,178000.0,21739.7,14987.4,186.557,1879.0,692095.0,4575.52,2.13,59.4,887283025181.1342,46715.1176185105,22545392529.67392
2022-03-29,43206.0,41.5,2.41,0.18,0.55,2.49,1.06,178000.0,21739.7,15239.32,186.557,1879.0,692095.0,4631.6,2.08,59.4,892747620147.7012,46994.879118357465,30051327357.066643
2022-03-30,43206.0,41.5,2.35,0.16,0.55,2.44,1.04,178000.0,21739.7,15071.55,186.557,1879.0,692095.0,4602.45,2.02,59.4,901430001888.9999,47459.261237539096,26128040680.825665
2022-03-31,43206.0,41.5,2.32,0.17,0.52,2.42,1.06,178000.0,21739.7,14838.49,186.557,1879.0,692095.0,4530.41,1.99,59.4,895356010540.8462,47063.36584996355,24497248306.346912
2022-04-01,43202.0,41.2,2.39,0.15,0.53,2.55,1.09,178000.0,21644.3,14861.21,189.901,1823.0,697403.0,4545.86,2.06,65.2,865010142444.9791,45528.40715313835,27736469645.537262
2022-04-04,43202.0,41.2,2.42,0.18,0.66,2.56,1.14,170500.0,21644.3,15159.58,189.901,1823.0,697403.0,4582.64,2.09,65.2,882346640419.069,46434.562982661664,21510196790.30345
2022-04-05,43202.0,41.2,2.54,0.18,0.65,2.69,1.13,170500.0,21644.3,14820.64,189.901,1823.0,697403.0,4525.12,2.21,65.2,885584977681.2438,46622.63571309101,28019309650.72574
2022-04-06,43202.0,41.2,2.61,0.21,0.67,2.7,1.15,170500.0,21644.3,14498.88,189.901,1823.0,697403.0,4481.15,2.28,65.2,867247321783.443,45635.45438126673,25474063861.60569
2022-04-07,43202.0,41.2,2.66,0.21,0.68,2.7,1.15,170500.0,21644.3,14531.81,189.901,1823.0,697403.0,4500.21,2.33,65.2,820983263462.4961,43198.77526936491,34113818641.77575
2022-04-08,43202.0,41.2,2.72,0.2,0.7,2.76,1.19,170500.0,21644.3,14327.26,189.901,1823.0,697403.0,4488.28,2.39,65.2,827032889944.6309,43515.15032279806,22960138784.304127
2022-04-11,43202.0,41.2,2.79,0.22,0.77,2.79,1.23,172750.0,21644.3,13990.21,189.901,1823.0,697403.0,4412.53,2.46,65.2,803574629064.9272,42274.907370256085,14936318818.778025
2022-04-12,43202.0,41.2,2.72,0.21,0.74,2.66,1.2,172750.0,21644.3,13940.24,189.901,1823.0,697403.0,4397.45,2.39,65.2,752680814425.1921,39603.965159284155,30168665078.21043
2022-04-13,43202.0,41.2,2.7,0.26,0.75,2.66,1.2,172750.0,21644.3,14217.29,189.901,1823.0,697403.0,4446.59,2.37,65.2,764314681923.3135,40205.67794073206,27804694935.48352
2022-04-14,43202.0,41.2,2.83,0.37,0.79,2.79,1.25,172750.0,21644.3,13893.21,189.901,1823.0,697403.0,4392.59,2.5,65.2,783560801481.9719,41205.16871904067,25453869985.971855
2022-04-18,43202.0,41.2,2.85,0.38,0.81,2.79,1.27,177500.0,21644.3,13910.76,189.901,1823.0,697403.0,4391.69,2.52,65.2,755627152747.4514,39739.11925622209,16627779441.567648
2022-04-19,43202.0,41.2,2.93,0.37,0.81,2.91,1.28,177500.0,21644.3,14210.26,189.901,1823.0,697403.0,4462.21,2.6,65.2,776463403746.4385,40833.5379650337,30617039399.980103
2022-04-20,43202.0,41.2,2.85,0.35,0.82,2.87,1.29,177500.0,21644.3,13998.53,189.901,1823.0,697403.0,4459.45,2.52,65.2,789141783336.2104,41498.12244669832,22717772925.289574
2022-04-21,43202.0,41.2,2.9,0.5,0.83,2.96,1.32,177500.0,21644.3,13720.45,189.901,1823.0,697403.0,4393.66,2.57,65.2,787437397453.9304,41397.220477279625,24937668255.073463
2022-04-22,43202.0,41.2,2.9,0.46,0.83,2.94,1.34,177500.0,21644.3,13356.87,189.901,1823.0,697403.0,4271.78,2.57,65.2,770787243369.5001,40528.54148675958,32131220615.550182
2022-04-25,43202.0,41.2,2.81,0.4,0.91,2.84,1.42,180000.0,21644.3,13533.22,189.901,1823.0,697403.0,4296.12,2.48,65.2,752446283899.8965,39469.04986198146,16778683767.597218
2022-04-26,43202.0,41.2,2.77,0.38,0.83,2.79,1.4,180000.0,21644.3,13009.71,189.901,1823.0,697403.0,4175.2,2.44,65.2,770112436973.4149,40488.877917622376,32883645913.964718
2022-04-27,43202.0,41.2,2.82,0.37,0.82,2.81,1.39,180000.0,21644.3,13003.36,189.901,1823.0,697403.0,4183.96,2.49,65.2,725434540422.046,38134.21545068938,31053018153.386673
2022-04-28,43202.0,41.2,2.85,0.37,0.82,2.86,1.38,180000.0,21644.3,13456.06,189.901,1823.0,697403.0,4287.5,2.52,65.2,746473028158.29,39237.94931747103,28170490245.865635
2022-04-29,43202.0,41.2,2.89,0.37,0.85,2.92,1.41,180000.0,21644.3,12854.8,189.901,1823.0,697403.0,4131.93,2.56,65.2,756090806420.8264,39741.766645809636,31484572271.03238
2022-05-02,44129.0,41.2,2.99,0.41,0.9,3.01,1.49,188500.0,21649.2,13075.85,189.279,1695.0,708756.0,4155.38,2.66,58.4,733294957352.5364,38537.65476669535,24857664487.014507
2022-05-03,44129.0,41.2,2.97,0.48,0.91,3.01,1.45,188500.0,21649.2,13089.9,189.279,1695.0,708756.0,4175.48,2.64,58.4,733787526677.6703,38561.56539902362,29825308569.42226
2022-05-04,44129.0,41.2,2.93,0.49,0.89,2.93,1.44,188500.0,21649.2,13535.71,189.279,1695.0,708756.0,4300.17,2.6,58.4,718542028695.8999,37758.496107734,23070122642.32804
2022-05-05,44129.0,41.2,3.05,0.49,0.85,3.01,1.37,188500.0,21649.2,12850.55,189.279,1695.0,708756.0,4146.87,2.22,58.4,755764276888.7715,39699.02404125388,31748901527.20592
2022-05-06,44129.0,41.2,3.12,0.48,0.85,3.06,1.41,188500.0,21649.2,12693.53,189.279,1695.0,708756.0,4123.34,2.29,58.4,696020943881.887,36612.229548803036,37402043365.58407
2022-05-09,44129.0,41.2,3.05,0.51,0.92,2.95,1.43,191250.0,21649.2,12187.72,189.279,1695.0,708756.0,3991.24,2.22,58.4,648514321641.9902,34070.31219757961,30810576501.52256
2022-05-10,44129.0,41.2,2.99,0.57,0.89,2.91,1.44,191250.0,21649.2,12345.86,189.279,1695.0,708756.0,4001.05,2.16,58.4,576197842487.6378,30269.586956629482,58369928594.32748
2022-05-11,44129.0,41.2,2.91,0.59,0.91,2.89,1.43,191250.0,21649.2,11967.56,189.279,1695.0,708756.0,3935.18,2.08,58.4,590644412746.6844,31026.93386836242,54071363210.08785
2022-05-12,44129.0,41.2,2.84,0.61,0.96,2.81,1.44,191250.0,21649.2,11945.5,189.279,1695.0,708756.0,3930.08,2.01,58.4,549294001873.1765,28913.48836365432,65985702701.50493
2022-05-13,44129.0,41.2,2.93,0.67,1.03,2.89,1.47,191250.0,21649.2,12387.4,189.279,1695.0,708756.0,4023.89,2.1,58.4,555266177876.6213,29126.11597686014,61338080283.57989
2022-05-16,44129.0,41.2,2.88,0.64,1.07,2.83,1.54,199500.0,21649.2,12243.58,189.279,1695.0,708756.0,4008.01,2.05,58.4,596346266888.6597,31319.309111130002,22948123704.172672
2022-05-17,44129.0,41.2,2.98,0.61,1.06,2.96,1.57,199500.0,21649.2,12564.1,189.279,1695.0,708756.0,4088.85,2.15,58.4,569801943005.2971,29923.606993639707,28418179221.125336
2022-05-18,44129.0,41.2,2.89,0.56,1.03,2.89,1.56,199500.0,21649.2,11928.31,189.279,1695.0,708756.0,3923.68,2.06,58.4,581272773175.8237,30502.19328027689,24964703223.57502
2022-05-19,44129.0,41.2,2.84,0.65,1.05,2.84,1.52,199500.0,21649.2,11875.63,189.279,1695.0,708756.0,3900.79,2.01,58.4,547927169401.20306,28772.200501112577,26219431165.241817
2022-05-20,44129.0,41.2,2.78,0.63,1.03,2.8,1.51,199500.0,21649.2,11835.62,189.279,1695.0,708756.0,3901.36,1.95,58.4,578678245847.8763,30382.40624219559,29190056577.430664
2022-05-23,44129.0,41.2,2.86,0.55,1.07,2.88,1.57,207000.0,21649.2,12034.28,189.279,1695.0,708756.0,3973.75,2.03,58.4,578090387085.146,30351.050417138096,17199930154.801018
2022-05-24,44129.0,41.2,2.76,0.55,1.06,2.76,1.53,207000.0,21649.2,11769.84,189.279,1695.0,708756.0,3941.48,1.93,58.4,555459414424.212,29163.167775739188,26646754324.71057
2022-05-25,44129.0,41.2,2.75,0.58,1.06,2.71,1.52,207000.0,21649.2,11943.93,189.279,1695.0,708756.0,3978.73,1.92,58.4,564885248021.9939,29655.02613175249,23486436836.56051
2022-05-26,44129.0,41.2,2.75,0.71,1.07,2.7,1.52,207000.0,21649.2,12276.79,189.279,1695.0,708756.0,4057.84,1.92,58.4,563577022957.9133,29584.949851985926,23108764916.206596
2022-05-27,44129.0,41.2,2.74,0.69,1.08,2.71,1.54,207000.0,21649.2,12681.42,189.279,1695.0,708756.0,4158.24,1.91,58.4,559066076343.6685,29346.781442431617,31972044691.709656
2022-05-31,44129.0,41.2,2.85,0.73,1.16,2.81,1.64,207000.0,21649.2,12642.1,189.279,1695.0,708756.0,4132.15,2.02,58.4,604926607440.7722,31740.94072516695,34891305294.623
2022-06-01,45188.0,41.0,2.94,0.77,1.15,2.94,1.63,207000.0,21607.4,12548.36,189.725,1696.0,723116.0,4101.23,2.11,50.0,607393396318.7885,31865.749621173167,29770567353.488136
2022-06-02,45188.0,41.0,2.92,0.85,1.17,2.92,1.64,207000.0,21607.4,12892.89,189.725,1696.0,723116.0,4176.82,2.09,50.0,569001624438.0176,29833.450330205254,35553330791.53566
2022-06-03,45188.0,41.0,2.96,0.87,1.21,2.95,1.68,207000.0,21607.4,12548.03,189.725,1696.0,723116.0,4108.54,2.13,50.0,580863150152.0535,30481.013996026013,24232399986.261147
2022-06-06,45188.0,41.0,3.04,0.88,1.26,3.03,1.74,215750.0,21607.4,12599.63,189.725,1696.0,723116.0,4121.43,2.21,50.0,570209935092.4275,29917.764052456198,13395229055.412352
2022-06-07,45188.0,41.0,2.98,0.87,1.26,2.99,1.75,215750.0,21607.4,12711.68,189.725,1696.0,723116.0,4160.68,2.15,50.0,597966736176.5532,31372.5847629755,27644798123.298183
2022-06-08,45188.0,41.0,3.03,0.89,1.28,3.03,1.77,215750.0,21607.4,12615.13,189.725,1696.0,723116.0,4115.77,2.2,50.0,597205650752.5386,31265.469277693348,36111325508.04181
2022-06-09,45188.0,41.0,3.04,1.05,1.3,3.07,1.81,215750.0,21607.4,12269.78,189.725,1696.0,723116.0,4017.82,2.21,50.0,576238781341.3682,30229.236836130378,27080284928.564884
2022-06-10,45188.0,41.0,3.15,1.1,1.39,3.25,1.98,215750.0,21607.4,11832.82,189.725,1696.0,723116.0,3900.86,2.32,50.0,573819802894.6453,30101.187521431468,18871591862.340336
2022-06-13,45188.0,41.0,3.43,1.13,1.73,3.56,2.25,219000.0,21607.4,11288.32,189.725,1696.0,723116.0,3749.63,2.6,50.0,514202090511.0678,26767.269173221313,29834061115.62461
2022-06-14,45188.0,41.0,3.49,1.19,1.83,3.61,2.43,219000.0,21607.4,11311.69,189.725,1696.0,723116.0,3735.48,2.66,50.0,429492202561.014,22525.768350391198,64852526179.382835
2022-06-15,45188.0,41.0,3.33,1.21,1.74,3.38,2.32,219000.0,21607.4,11593.77,189.725,1696.0,723116.0,3789.99,2.5,50.0,423044474596.5387,22244.848968001315,47639470967.891426
2022-06-16,45188.0,41.0,3.28,1.19,1.59,3.35,2.24,219000.0,21607.4,11127.57,189.725,1696.0,723116.0,3666.77,1.7,50.0,429887916884.8431,22529.198114649807,52027211446.51121
2022-06-17,45188.0,41.0,3.25,1.15,1.63,3.34,2.25,219000.0,21607.4,11265.99,189.725,1696.0,723116.0,3674.84,1.67,50.0,389181727345.57733,20408.690490591813,27449277945.59262
2022-06-21,45188.0,41.0,3.31,1.08,1.7,3.38,2.46,224500.0,21607.4,11546.76,189.725,1696.0,723116.0,3764.79,1.73,50.0,392793374515.9921,20636.75891240637,28346447996.779846
2022-06-22,45188.0,41.0,3.16,0.98,1.61,3.22,2.4,224500.0,21607.4,11527.71,189.725,1696.0,723116.0,3759.89,1.58,50.0,395059669321.2376,20700.923933039136,25340643362.789
2022-06-23,45188.0,41.0,3.09,1.12,1.65,3.14,2.44,224500.0,21607.4,11697.68,189.725,1696.0,723116.0,3795.73,1.51,50.0,381616262301.266,19983.566482863105,24955466738.110855
2022-06-24,45188.0,41.0,3.13,1.19,1.73,3.18,2.51,224500.0,21607.4,12105.85,189.725,1696.0,723116.0,3911.74,1.55,50.0,402495826231.42053,21100.270533511088,23655104386.978516
2022-06-27,45188.0,41.0,3.2,1.16,1.79,3.24,2.56,231750.0,21607.4,12008.24,189.725,1696.0,723116.0,3900.11,1.62,50.0,401645800330.4072,21052.80539783573,15392697878.417652
2022-06-28,45188.0,41.0,3.2,1.12,1.79,3.25,2.55,231750.0,21607.4,11637.77,189.725,1696.0,723116.0,3821.55,1.62,50.0,395914576106.05786,20751.477530790766,17719011287.9831
2022-06-29,45188.0,41.0,3.1,1.12,1.78,3.15,2.55,231750.0,21607.4,11658.26,189.725,1696.0,723116.0,3818.83,1.52,50.0,386606940573.39575,20282.542479269694,18161209601.432373
2022-06-30,45188.0,41.0,2.98,1.28,1.72,3.01,2.51,231750.0,21607.4,11503.72,189.725,1696.0,723116.0,3785.38,1.4,50.0,384067866465.5609,20108.529472889782,20744333507.35517
2022-07-01,44667.0,41.1,2.88,1.27,1.73,2.88,2.52,231750.0,21636.1,11585.68,194.187,1685.0,730702.0,3825.33,1.3,51.5,365984224323.45276,19608.397493423083,22816515394.911003
2022-07-05,44667.0,41.1,2.82,1.33,1.9,2.82,2.59,232750.0,21636.1,11779.9,194.187,1685.0,730702.0,3831.39,1.24,51.5,386425176262.77844,20257.012328592882,18634860046.37241
2022-07-06,44667.0,41.1,2.93,1.36,1.9,2.96,2.62,232750.0,21636.1,11852.59,194.187,1685.0,730702.0,3845.08,1.35,51.5,385301783065.72974,20188.779663973284,23623270105.54542
2022-07-07,44667.0,41.1,3.01,1.55,1.95,3.05,2.64,232750.0,21636.1,12109.05,194.187,1685.0,730702.0,3902.62,1.43,51.5,392479833070.6018,20566.68722377,21755499642.28282
2022-07-08,44667.0,41.1,3.09,1.57,1.98,3.13,2.68,232750.0,21636.1,12125.69,194.187,1685.0,730702.0,3899.38,1.51,51.5,414055638573.8548,21660.596837075183,21927087503.433758
2022-07-11,44667.0,41.1,2.99,1.58,2.18,3.05,2.79,236000.0,21636.1,11860.28,194.187,1685.0,730702.0,3854.43,1.41,51.5,398249545888.6735,20859.81407965063,25037950754.003357
2022-07-12,44667.0,41.1,2.96,1.63,2.22,3.01,2.78,236000.0,21636.1,11744.99,194.187,1685.0,730702.0,3818.8,1.38,51.5,382000290322.39886,19998.467839575842,21319467248.801025
2022-07-13,44667.0,41.1,2.91,1.78,2.39,3.02,2.96,236000.0,21636.1,11728.53,194.187,1685.0,730702.0,3801.78,1.33,51.5,370191767290.5106,19350.73735007727,22074971578.2899
2022-07-14,44667.0,41.1,2.96,1.99,2.4,3.06,2.93,236000.0,21636.1,11768.4,194.187,1685.0,730702.0,3790.38,1.38,51.5,385462566548.9708,20225.23866433186,28560004360.902916
2022-07-15,44667.0,41.1,2.93,1.98,2.37,3.05,2.94,236000.0,21636.1,11983.62,194.187,1685.0,730702.0,3863.16,1.35,51.5,393104346702.71136,20574.84059150044,28732413536.669937
2022-07-18,44667.0,41.1,2.96,1.96,2.5,3.06,3.02,243000.0,21636.1,11877.5,194.187,1685.0,730702.0,3830.85,1.38,51.5,397660610560.5498,20824.36275165164,29615794461.49923
2022-07-19,44667.0,41.1,3.01,1.93,2.52,3.14,3.06,243000.0,21636.1,12249.42,194.187,1685.0,730702.0,3936.69,1.43,51.5,425756736660.6174,22395.365383103952,58636734705.48306
2022-07-20,44667.0,41.1,3.04,1.92,2.51,3.18,3.04,243000.0,21636.1,12439.68,194.187,1685.0,730702.0,3959.9,1.46,51.5,445889013251.1064,23366.90769792785,57338223361.51413
2022-07-21,44667.0,41.1,2.91,2.15,2.48,3.0,3.0,243000.0,21636.1,12619.41,194.187,1685.0,730702.0,3998.95,1.33,51.5,446130012149.91077,23313.296731959555,40775718993.79776
2022-07-22,44667.0,41.1,2.77,2.15,2.49,2.87,2.97,243000.0,21636.1,12396.47,194.187,1685.0,730702.0,3961.63,1.19,51.5,442379611364.02734,23155.207555248304,63224249257.511284
2022-07-25,44667.0,41.1,2.81,2.14,2.62,2.89,3.06,244500.0,21636.1,12328.41,194.187,1685.0,730702.0,3966.84,1.23,51.5,433819662321.5266,22613.719208248454,33108916659.05373
2022-07-26,44667.0,41.1,2.81,2.17,2.55,2.89,3.01,244500.0,21636.1,12086.9,194.187,1685.0,730702.0,3921.05,1.23,51.5,407480099599.8142,21330.295450788173,42667548128.932236
2022-07-27,44667.0,41.1,2.78,2.14,2.44,2.82,2.93,244500.0,21636.1,12601.47,194.187,1685.0,730702.0,4023.61,1.2,51.5,405692421501.52716,21235.612316085775,53995620035.18145
2022-07-28,44667.0,41.1,2.68,2.2,2.42,2.69,2.9,244500.0,21636.1,12717.87,194.187,1685.0,730702.0,4072.43,0.35,51.5,437193517021.8447,22908.884260468687,54498281944.45157
2022-07-29,44667.0,41.1,2.67,2.22,2.41,2.7,2.91,244500.0,21636.1,12947.97,194.187,1685.0,730702.0,4130.29,0.35,51.5,454806622614.75885,23822.067597823116,55609627980.6571
2022-08-01,45176.0,41.0,2.6,2.22,2.56,2.66,2.96,247500.0,21631.8,12940.78,191.839,1542.0,741260.0,4118.63,0.27,58.2,447051019373.1847,23379.70052509082,31786729326.443203
2022-08-02,45176.0,41.0,2.75,2.22,2.56,2.85,3.0,247500.0,21631.8,12901.6,191.839,1542.0,741260.0,4091.19,0.42,58.2,445958949620.3002,23333.749243312184,44489771146.510735
2022-08-03,45176.0,41.0,2.73,2.2,2.52,2.86,3.0,247500.0,21631.8,13253.26,191.839,1542.0,741260.0,4155.17,0.4,58.2,440954684720.7478,23053.846847482677,35151096516.75639
2022-08-04,45176.0,41.0,2.68,2.19,2.5,2.76,2.98,247500.0,21631.8,13311.04,191.839,1542.0,741260.0,4151.94,0.35,58.2,437035641450.2815,22860.42098438317,41334593234.075066
2022-08-05,45176.0,41.0,2.83,2.21,2.58,2.97,3.1,247500.0,21631.8,13207.69,191.839,1542.0,741260.0,4145.19,0.5,58.2,432420621055.8012,22678.363633874185,23624874220.429745
2022-08-08,45176.0,41.0,2.77,2.23,2.65,2.91,3.15,249500.0,21631.8,13159.16,191.839,1542.0,741260.0,4140.06,0.44,58.2,442979379284.1196,23197.603469525384,14324042469.270954
2022-08-09,45176.0,41.0,2.8,2.23,2.67,2.97,3.16,249500.0,21631.8,13008.17,191.839,1542.0,741260.0,4122.47,0.47,58.2,455450642522.25543,23823.679442453606,27756736787.028625
2022-08-10,45176.0,41.0,2.78,2.24,2.65,2.93,3.13,249500.0,21631.8,13378.32,191.839,1542.0,741260.0,4210.24,0.45,58.2,443382534834.6949,23203.680696781623,29738069337.77638
2022-08-11,45176.0,41.0,2.87,2.24,2.62,2.98,3.08,249500.0,21631.8,13291.99,191.839,1542.0,741260.0,4207.27,0.54,58.2,457270455537.3291,23948.829553271633,32215976525.650154
2022-08-12,45176.0,41.0,2.84,2.23,2.63,2.97,3.13,249500.0,21631.8,13565.87,191.839,1542.0,741260.0,4280.15,0.51,58.2,458070674127.7904,23948.75170368143,33892871243.716595
2022-08-15,45176.0,41.0,2.79,2.27,2.72,2.91,3.13,245500.0,21631.8,13667.18,191.839,1542.0,741260.0,4297.14,0.46,58.2,464896345363.0234,24312.541424891562,21287616855.704494
2022-08-16,45176.0,41.0,2.82,2.26,2.7,2.95,3.12,245500.0,21631.8,13635.21,191.839,1542.0,741260.0,4305.2,0.49,58.2,462437221425.1544,24179.014652309197,33404812507.80541
2022-08-17,45176.0,41.0,2.89,2.22,2.68,3.04,3.15,245500.0,21631.8,13470.86,191.839,1542.0,741260.0,4274.04,0.56,58.2,456791042838.03827,23913.333725628458,24971300201.368164
2022-08-18,45176.0,41.0,2.88,2.23,2.71,3.02,3.12,245500.0,21631.8,13505.99,191.839,1542.0,741260.0,4283.74,0.55,58.2,447015816173.3428,23359.418837070007,29567403252.00121
2022-08-19,45176.0,41.0,2.98,2.23,2.74,3.11,3.16,245500.0,21631.8,13242.9,191.839,1542.0,741260.0,4228.48,0.65,58.2,444845955425.38696,23248.38422819264,20228208349.156567
2022-08-22,45176.0,41.0,3.03,2.27,2.82,3.17,3.23,245500.0,21631.8,12890.54,191.839,1542.0,741260.0,4137.99,0.7,58.2,413578924865.8514,21615.761693416986,20476237108.351532
2022-08-23,45176.0,41.0,3.05,2.28,2.8,3.18,3.21,245500.0,21631.8,12881.79,191.839,1542.0,741260.0,4128.73,0.72,58.2,408409110509.79584,21387.747114773963,28856912427.175735
2022-08-24,45176.0,41.0,3.11,2.29,2.82,3.2,3.28,245500.0,21631.8,12917.86,191.839,1542.0,741260.0,4140.77,0.78,58.2,412338357271.39594,21562.45153991356,29331102121.793316
2022-08-25,45176.0,41.0,3.03,2.42,2.88,3.15,3.25,245500.0,21631.8,13143.58,191.839,1542.0,741260.0,4199.12,0.7,58.2,409503007623.01685,21395.45846975991,26855905243.361156
2022-08-26,45176.0,41.0,3.04,2.39,2.89,3.2,3.26,245500.0,21631.8,12605.17,191.839,1542.0,741260.0,4057.66,0.71,58.2,413843488595.5175,21618.009019176647,26767966536.315014
2022-08-29,45176.0,41.0,3.12,2.45,2.97,3.27,3.32,240500.0,21631.8,12484.32,191.839,1542.0,741260.0,4030.61,0.79,58.2,376180531070.6233,19659.24670619362,19781826309.451183
2022-08-30,45176.0,41.0,3.11,2.43,2.97,3.27,3.31,240500.0,21631.8,12342.7,191.839,1542.0,741260.0,3986.16,0.78,58.2,389119405471.2333,20308.861447891457,28706315246.140064
2022-08-31,45176.0,41.0,3.15,2.4,2.96,3.3,3.32,240500.0,21631.8,12272.03,191.839,1542.0,741260.0,3955.0,0.82,58.2,379555151404.602,19805.35069885804,30308993725.456158
2022-09-01,46602.0,41.1,3.26,2.53,2.97,3.39,3.34,240500.0,21503.1,12274.62,192.333,1564.0,740893.0,3966.85,0.93,58.6,383348414528.78253,20023.55444491251,27825786159.855602
2022-09-02,46602.0,41.1,3.2,2.49,2.94,3.3,3.33,240500.0,21503.1,12098.44,192.333,1564.0,740893.0,3924.26,0.87,58.6,385027707310.6654,20153.975977982507,25616737335.88055
2022-09-06,46602.0,41.1,3.33,2.44,3.04,3.43,3.4,232000.0,21503.1,12011.31,192.333,1564.0,740893.0,3908.19,1.0,58.6,378685143698.17633,19785.73350185514,23522961655.00036
2022-09-07,46602.0,41.1,3.27,2.3,3.07,3.37,3.42,232000.0,21503.1,12259.39,192.333,1564.0,740893.0,3979.87,0.94,58.6,361210437263.86273,18859.500087680277,39940310406.47586
2022-09-08,46602.0,41.1,3.29,2.57,3.06,3.39,3.44,232000.0,21503.1,12321.19,192.333,1564.0,740893.0,4006.18,0.96,58.6,369340091982.8708,19280.62547645678,30517907004.082462
2022-09-09,46602.0,41.1,3.33,2.57,3.08,3.45,3.52,232000.0,21503.1,12588.29,192.333,1564.0,740893.0,4067.36,1.0,58.6,369723445425.44885,19322.77774937157,28936941008.358917
2022-09-12,46602.0,41.1,3.37,2.62,3.17,3.47,3.56,222750.0,21503.1,12739.72,192.333,1564.0,740893.0,4110.41,1.04,58.6,416073628622.09485,21739.80437979554,31266252145.35619
2022-09-13,46602.0,41.1,3.42,2.55,3.28,3.58,3.75,222750.0,21503.1,12033.62,192.333,1564.0,740893.0,3932.69,1.09,58.6,427473787888.3761,22339.67050262336,44006486689.44507
2022-09-14,46602.0,41.1,3.41,2.54,3.24,3.6,3.76,222750.0,21503.1,12134.4,192.333,1564.0,740893.0,3946.01,1.08,58.6,386529657258.8565,20184.96749189655,46489890914.82466
2022-09-15,46602.0,41.1,3.45,2.76,3.22,3.66,3.78,222750.0,21503.1,11927.49,192.333,1564.0,740893.0,3901.35,1.12,58.6,387486232249.80023,20255.922978327133,35789015870.392235
2022-09-16,46602.0,41.1,3.45,2.68,3.2,3.62,3.77,222750.0,21503.1,11861.38,192.333,1564.0,740893.0,3873.33,1.12,58.6,377719382182.44714,19702.169889811717,33715957206.68328
2022-09-19,46602.0,41.1,3.49,2.62,3.37,3.69,3.87,215750.0,21503.1,11953.27,192.333,1564.0,740893.0,3899.89,1.16,58.6,372598380208.27094,19437.157867982634,28689764413.699097
2022-09-20,46602.0,41.1,3.57,2.57,3.35,3.75,3.86,215750.0,21503.1,11851.54,192.333,1564.0,740893.0,3855.93,1.24,58.6,374524246937.4287,19570.386709523507,39507938864.87854
2022-09-21,46602.0,41.1,3.51,2.59,3.31,3.74,3.86,215750.0,21503.1,11637.79,192.333,1564.0,740893.0,3789.93,1.18,58.6,361980678159.1343,18869.928809390534,33890591849.676514
2022-09-22,46602.0,41.1,3.7,2.73,3.29,3.91,3.87,215750.0,21503.1,11501.65,192.333,1564.0,740893.0,3757.99,0.62,58.6,355194467885.9514,18539.63523831258,41059997264.96848
2022-09-23,46602.0,41.1,3.69,2.67,3.24,3.96,3.85,215750.0,21503.1,11311.24,192.333,1564.0,740893.0,3693.23,0.61,58.6,372075639498.16974,19464.322663348466,37660914389.8923
2022-09-26,46602.0,41.1,3.88,2.73,3.39,4.15,3.95,206250.0,21503.1,11254.11,192.333,1564.0,740893.0,3655.04,0.8,58.6,360256894978.40894,18809.41143933244,21516374222.675316
2022-09-27,46602.0,41.1,3.97,2.71,3.35,4.21,3.91,206250.0,21503.1,11271.75,192.333,1564.0,740893.0,3647.29,0.89,58.6,367613056759.2221,19219.727780656474,42560193944.41844
2022-09-28,46602.0,41.1,3.72,2.63,3.4,3.92,3.87,206250.0,21503.1,11493.83,192.333,1564.0,740893.0,3719.04,0.64,58.6,366383164263.7157,19116.331160710437,52482615483.86207
2022-09-29,46602.0,41.1,3.76,2.78,3.36,3.98,3.87,206250.0,21503.1,11164.78,192.333,1564.0,740893.0,3640.47,0.68,58.6,372892084645.0075,19444.787771362975,47494258189.70422
2022-09-30,46602.0,41.1,3.83,2.79,3.33,4.06,3.92,206250.0,21503.1,10971.22,192.333,1564.0,740893.0,3585.62,0.75,58.6,374830625219.6003,19563.765161776904,37537716230.48356
2022-10-03,46484.0,41.0,3.67,2.87,3.46,3.9,3.97,206500.0,21414.8,11229.73,192.286,1512.0,738147.0,3678.43,0.59,59.9,366195863790.6755,19065.153837148988,17859684587.64641
2022-10-04,46484.0,41.0,3.62,2.91,3.45,3.84,3.98,206500.0,21414.8,11582.54,192.286,1512.0,738147.0,3790.93,0.54,59.9,375767908259.0832,19620.567543591394,26634227151.925247
2022-10-05,46484.0,41.0,3.76,2.89,3.46,3.96,4.0,206500.0,21414.8,11573.18,192.286,1512.0,738147.0,3783.28,0.68,59.9,390177741507.47705,20345.398520106643,30974520027.944332
2022-10-06,46484.0,41.0,3.83,3.05,3.46,4.05,4.04,206500.0,21414.8,11485.5,192.286,1512.0,738147.0,3744.52,0.75,59.9,386368899196.38165,20161.830614985047,29366342083.101757
2022-10-07,46484.0,41.0,3.89,3.03,3.45,4.14,4.09,206500.0,21414.8,11039.47,192.286,1512.0,738147.0,3639.66,0.81,59.9,382505641462.15643,19949.051041418512,31354758329.142307
2022-10-11,46484.0,41.0,3.93,3.07,3.67,4.14,4.17,211000.0,21414.8,10791.35,192.286,1512.0,738147.0,3588.84,0.85,59.9,367207056773.2261,19142.694767392895,23743487600.53748
2022-10-12,46484.0,41.0,3.91,3.07,3.7,4.12,4.16,211000.0,21414.8,10785.62,192.286,1512.0,738147.0,3577.03,0.83,59.9,365118514776.26794,19058.628039738272,25102717820.99086
2022-10-13,46484.0,41.0,3.97,3.35,3.79,4.21,4.3,211000.0,21414.8,11033.58,192.286,1512.0,738147.0,3669.91,0.89,59.9,367301644901.367,19153.039779986986,22339104401.384174
2022-10-14,46484.0,41.0,4.0,3.3,3.81,4.25,4.31,211000.0,21414.8,10692.06,192.286,1512.0,738147.0,3583.07,0.92,59.9,371647189087.47595,19383.9432200889,37194496437.923996
2022-10-17,46484.0,41.0,4.02,3.3,3.97,4.24,4.38,212250.0,21414.8,11062.53,192.286,1512.0,738147.0,3677.95,0.94,59.9,369552982160.53754,19272.921847772006,15683330320.159586
2022-10-18,46484.0,41.0,4.01,3.25,4.04,4.21,4.39,212250.0,21414.8,11147.74,192.286,1512.0,738147.0,3719.98,0.93,59.9,375052275829.7958,19557.895548868444,23713928577.519844
2022-10-19,46484.0,41.0,4.14,3.31,4.07,4.35,4.45,212250.0,21414.8,11103.38,192.286,1512.0,738147.0,3695.16,1.06,59.9,371196833238.99286,19348.029368810374,25848175158.687187
2022-10-20,46484.0,41.0,4.24,3.58,4.09,4.45,4.48,212250.0,21414.8,11046.71,192.286,1512.0,738147.0,3665.78,1.16,59.9,367085331987.69183,19134.242664465204,23047051893.294765
2022-10-21,46484.0,41.0,4.21,3.55,4.09,4.34,4.43,212250.0,21414.8,11310.33,192.286,1512.0,738147.0,3752.75,1.13,59.9,365098952754.63934,19031.15987195947,25712511231.935688
2022-10-24,46484.0,41.0,4.25,3.57,4.16,4.36,4.52,219250.0,21414.8,11430.26,192.286,1512.0,738147.0,3797.34,1.17,59.9,375197423662.3941,19574.824231840797,19928822961.41621
2022-10-25,46484.0,41.0,4.1,3.56,4.14,4.25,4.5,219250.0,21414.8,11669.99,192.286,1512.0,738147.0,3859.11,1.02,59.9,370622833880.7626,19316.94062294213,28657172008.9177
2022-10-26,46484.0,41.0,4.04,3.54,4.11,4.2,4.47,219250.0,21414.8,11405.9,192.286,1512.0,738147.0,3830.6,0.96,59.9,385476931983.84595,20095.152230674925,39846253138.59686
2022-10-27,46484.0,41.0,3.96,3.76,4.13,4.09,4.44,219250.0,21414.8,11191.63,192.286,1512.0,738147.0,3807.3,0.88,59.9,398674628646.93066,20774.247496426033,50667020407.51415
2022-10-28,46484.0,41.0,4.02,3.75,4.18,4.19,4.51,219250.0,21414.8,11546.21,192.286,1512.0,738147.0,3901.06,0.94,59.9,389238872375.6226,20278.36623205219,41829789298.17936
2022-10-31,46484.0,41.0,4.1,3.73,4.22,4.27,4.57,219000.0,21414.8,11405.57,192.286,1512.0,738147.0,3871.98,1.02,59.9,395548335410.141,20623.871497040946,24707906148.749344
2022-11-01,46269.0,40.9,4.07,3.72,4.23,4.27,4.58,219000.0,21351.6,11288.95,192.948,1660.4,738796.0,3856.1,0.99,56.8,393311097043.5727,20494.60120983709,37290619694.72375
